ts_s,ax_g,ay_g,az_g,gx_dps,gy_dps,gz_dps
1.314,0.709,0.1018,-0.689,0.9313,-0.8855,-2.1298
1.334,0.6973,0.1096,-0.6865,0.6031,-0.2901,-0.4885
1.354,0.6877,0.1199,-0.6897,-0.687,-2.458,0.687
1.374,0.6963,0.1077,-0.688,-3.2366,-5.9466,2.0916
1.394,0.7131,0.0964,-0.6899,-4.7481,-7.626,2.8473
1.414,0.7219,0.0864,-0.6877,-3.5725,-5.8931,1.916
1.434,0.7166,0.0881,-0.6855,-0.1374,-1.9466,-0.5267
1.454,0.6982,0.1023,-0.6875,2.5267,1.3282,-1.313
1.474,0.6855,0.1191,-0.6997,0.9924,-0.0534,0.7634
1.495,0.6836,0.1152,-0.6978,-3.0229,-4.4046,1.0
1.515,0.7004,0.095,-0.6907,-5.8244,-8.1832,2.5267
1.536,0.718,0.0864,-0.6787,-4.5038,-8.3206,3.2901
1.555,0.7261,0.0801,-0.6797,-1.8473,-5.2595,2.2366
1.575,0.718,0.0864,-0.6877,0.3817,-0.626,-1.5267
1.595,0.6978,0.105,-0.6926,2.229,1.1679,-2.9618
1.615,0.6836,0.1169,-0.6951,2.2061,-0.4504,-0.8244
1.635,0.6797,0.1187,-0.6904,-0.3817,-3.6336,1.1832
1.655,0.6931,0.114,-0.696,-3.542,-7.1679,2.5267
1.675,0.7095,0.0986,-0.6892,-4.6489,-7.7252,3.0611
1.695,0.7214,0.0908,-0.6846,-4.0458,-5.9542,3.0305
1.715,0.7207,0.0886,-0.6843,-2.1679,-3.0382,1.0305
1.735,0.709,0.0977,-0.6875,-0.4656,-0.6947,-0.5878
1.755,0.7002,0.1003,-0.6846,0.6641,-0.4809,-0.7252
1.775,0.6926,0.1106,-0.6895,-0.0534,-2.313,0.1832
1.795,0.6899,0.1072,-0.6899,-1.4427,-4.3359,0.7252
1.815,0.6997,0.1011,-0.6851,-2.3969,-5.9389,1.8473
1.836,0.7058,0.0984,-0.686,-2.1603,-5.7176,2.0229
1.856,0.71,0.1013,-0.6895,-1.7023,-4.7023,1.3053
1.876,0.7087,0.1006,-0.6875,-0.9466,-3.0458,0.0687
1.896,0.7119,0.105,-0.6816,-0.5573,-2.8015,0.3359
1.916,0.7026,0.1079,-0.6921,-0.6336,-3.229,0.4809
1.936,0.7041,0.1016,-0.6958,-1.4504,-3.7786,1.0305
1.956,0.7021,0.1023,-0.6904,-2.0382,-3.5344,0.4198
1.976,0.7024,0.1021,-0.6912,-2.3053,-3.374,0.7328
1.996,0.7029,0.1023,-0.6882,-1.9618,-3.5038,1.2061
2.016,0.7039,0.1033,-0.6938,-1.687,-3.6107,1.0382
2.036,0.707,0.1018,-0.6948,-2.2214,-3.5954,1.1145
2.056,0.7043,0.0979,-0.6877,-1.5802,-3.0305,-0.0305
2.076,0.7034,0.0964,-0.6934,-1.2214,-3.6412,1.084
2.096,0.699,0.104,-0.6919,-0.4809,-3.6565,0.8397
2.116,0.7041,0.1047,-0.686,-1.2366,-4.687,1.3435
2.136,0.7065,0.1013,-0.6897,-1.2595,-4.2366,0.5878
2.156,0.7048,0.106,-0.687,-1.4427,-3.9237,1.2214
2.177,0.7073,0.1008,-0.6985,-1.458,-3.1832,1.2061
2.197,0.7068,0.0996,-0.6851,-2.2977,-3.2366,0.7405
2.217,0.7026,0.0974,-0.689,-2.6489,-3.4275,0.6107
2.237,0.7034,0.1006,-0.6868,-1.7405,-3.4885,0.5649
2.257,0.7046,0.0977,-0.6851,-0.2672,-3.3206,0.7023
2.277,0.7017,0.1033,-0.6929,-0.1374,-3.6947,0.8168
2.297,0.7004,0.1052,-0.6875,-1.374,-4.1985,0.8321
2.317,0.7046,0.1045,-0.6885,-1.8473,-4.4962,0.6107
2.337,0.7046,0.1003,-0.6904,-1.0,-4.458,0.8473
2.357,0.7092,0.1047,-0.6882,-0.7557,-4.1756,1.2061
2.377,0.7085,0.1096,-0.6958,-1.5725,-3.5649,1.229
2.397,0.7056,0.104,-0.6919,-1.5954,-2.2443,-0.2595
2.417,0.6997,0.104,-0.6924,-1.6183,-1.9008,0.4656
2.437,0.6965,0.1077,-0.6912,-1.8168,-3.0992,1.1298
2.457,0.699,0.1006,-0.6887,-2.5496,-4.5725,1.8168
2.477,0.7041,0.0969,-0.6819,-2.4122,-5.0229,1.2214
2.497,0.7136,0.094,-0.6914,-2.145,-4.4427,1.5954
2.518,0.7078,0.0979,-0.6848,-1.626,-2.5725,0.3588
2.537,0.7024,0.0972,-0.6914,-1.0992,-1.9542,-0.2595
2.557,0.6951,0.1018,-0.6909,-0.1756,-2.3893,-0.5038
2.577,0.6931,0.106,-0.6833,-0.1832,-4.0,0.8779
2.597,0.6985,0.1069,-0.6919,-0.5878,-4.8779,0.8244
2.617,0.7041,0.104,-0.6953,-1.3206,-5.6107,1.2519
2.637,0.7065,0.1045,-0.6814,-1.6031,-5.4733,1.5573
2.657,0.7144,0.1025,-0.6929,-1.5115,-4.1374,1.3359
2.677,0.708,0.1042,-0.6934,-1.5115,-2.2901,0.4809
2.697,0.7063,0.1045,-0.6875,-1.8321,-1.9618,0.2672
2.717,0.6975,0.1038,-0.6904,-1.8015,-2.4885,0.4351
2.737,0.7002,0.1057,-0.6975,-1.8015,-3.2443,1.084
2.757,0.697,0.1035,-0.6848,-1.6031,-4.1374,1.5115
2.777,0.7053,0.0974,-0.6902,-1.6947,-4.1374,1.6565
2.797,0.7083,0.0986,-0.6909,-2.2366,-4.229,1.4656
2.817,0.7078,0.0981,-0.6841,-1.9618,-3.7786,0.458
2.837,0.7112,0.0947,-0.6919,-1.2977,-3.7939,0.916
2.857,0.7017,0.1023,-0.6807,-0.2748,-3.6565,0.9008
2.877,0.7019,0.1042,-0.6887,-0.5725,-3.5954,0.5496
2.897,0.7058,0.1001,-0.6946,-0.7099,-3.4809,0.0763
2.917,0.7014,0.1077,-0.6892,-0.5344,-3.5802,0.6489
2.937,0.7031,0.1079,-0.6907,-1.1069,-3.6718,1.3359
2.957,0.7056,0.1082,-0.6853,-2.0,-3.6947,1.313
2.977,0.7058,0.1042,-0.6912,-2.6336,-3.8779,1.229
2.997,0.7078,0.0981,-0.6912,-2.5802,-3.4733,1.7634
3.017,0.7043,0.0947,-0.6873,-2.1679,-2.9771,1.0687
3.037,0.7068,0.0942,-0.6912,-1.5802,-2.855,0.3282
3.057,0.7031,0.0996,-0.6912,-0.5191,-3.2748,0.4427
3.077,0.7024,0.0999,-0.6938,0.0076,-4.3206,1.4427
3.097,0.7026,0.1047,-0.6877,-0.4885,-4.7023,1.1832
3.117,0.707,0.0984,-0.6853,-1.5344,-4.458,0.8244
3.137,0.7075,0.0969,-0.687,-1.7786,-3.5267,1.1756
3.158,0.7068,0.0952,-0.6892,-1.9924,-3.1527,1.229
3.177,0.7017,0.0991,-0.6938,-2.5649,-3.626,0.5496
3.197,0.7046,0.0952,-0.6855,-1.8855,-4.2595,0.3359
3.217,0.7117,0.0962,-0.6792,-0.6947,-4.5038,1.4733
3.237,0.7058,0.1008,-0.6863,-0.3435,-2.9084,0.7099
3.257,0.6973,0.1064,-0.6912,-1.0153,-1.3206,-0.7863
3.277,0.6895,0.1108,-0.6912,-1.1527,-1.6031,-0.6336
3.297,0.6956,0.1042,-0.6946,-1.7252,-4.4198,2.1145
3.317,0.7029,0.1013,-0.6882,-2.7863,-7.2214,2.6641
3.337,0.7131,0.0901,-0.6821,-2.9389,-6.9542,1.9237
3.357,0.7207,0.0903,-0.6975,-1.1374,-4.3588,1.1069
3.377,0.7109,0.0986,-0.6826,0.626,-1.5878,-0.3588
3.397,0.698,0.1084,-0.6904,-0.1145,-1.1908,-0.6336
3.417,0.6946,0.1101,-0.6846,-1.6107,-2.5954,-0.4275
3.437,0.7036,0.105,-0.6926,-2.6489,-4.8244,1.313
3.457,0.7009,0.0996,-0.6931,-2.4046,-4.8626,1.5725
3.477,0.7085,0.0959,-0.6899,-3.2137,-4.084,2.2595
3.497,0.7065,0.0981,-0.6921,-3.084,-2.5649,0.0611
3.517,0.7053,0.0938,-0.6841,-3.6947,-2.5802,0.1603
3.537,0.7021,0.092,-0.6897,-2.0687,-2.2214,-0.6107
3.557,0.6987,0.0969,-0.6892,-1.0382,-3.4198,-0.0458
3.577,0.6958,0.0959,-0.6904,-0.2366,-4.8855,-0.2137
3.597,0.7014,0.1016,-0.6912,-0.313,-6.2061,0.2824
3.617,0.7046,0.1057,-0.6797,0.5725,-5.9008,-0.6794
3.637,0.7075,0.1072,-0.6914,1.0534,-5.6031,0.7405
3.657,0.7119,0.1135,-0.688,0.8321,-4.4656,0.771
3.677,0.7004,0.1179,-0.6826,-1.4427,-2.8092,-0.542
3.697,0.6982,0.1162,-0.6848,-2.0229,-1.9237,-0.4198
3.717,0.7002,0.1155,-0.7014,-3.1756,-3.8702,4.6641
3.737,0.7053,0.1016,-0.6746,-6.3359,-4.4885,2.5344
3.757,0.7156,0.0862,-0.6899,-7.9084,-4.0,0.7634
3.777,0.7126,0.0828,-0.6863,-3.8321,-0.8626,0.2443
3.798,0.697,0.092,-0.6809,0.0382,0.8626,0.2137
3.817,0.6846,0.103,-0.6997,1.1145,-0.3588,-1.2366
3.837,0.6736,0.1162,-0.6816,1.6412,-4.0916,-1.9542
3.857,0.6956,0.1101,-0.7029,-0.1985,-9.5496,4.2748
3.877,0.7168,0.1094,-0.6836,-0.3282,-9.2519,2.9847
3.897,0.7148,0.1003,-0.6812,-2.8855,-6.9695,0.855
3.917,0.7146,0.0935,-0.6624,-0.9389,-3.5191,-4.5878
3.937,0.7048,0.1128,-0.6709,5.0611,-2.8092,-2.2214
3.957,0.7053,0.1294,-0.7031,8.145,-1.8397,3.0916
3.977,0.6919,0.1489,-0.6924,0.3053,-1.626,1.626
3.997,0.6956,0.1265,-0.7036,-11.3664,-1.0458,0.2595
4.017,0.7034,0.0957,-0.6895,-15.7481,-1.6718,3.0611
4.037,0.7112,0.0667,-0.6829,-11.3893,-4.0076,3.3588
4.057,0.7234,0.0579,-0.6963,-5.1374,-7.1603,3.2443
4.077,0.697,0.0779,-0.6265,3.7252,-1.0992,-5.4427
4.097,0.7034,0.095,-0.7285,6.1145,-0.5267,0.4504
4.117,0.6616,0.1362,-0.6851,11.4351,3.3588,-7.8855
4.137,0.6475,0.1558,-0.6943,2.9084,-4.9771,1.2214
4.157,0.6855,0.1343,-0.7158,-2.5267,-12.458,4.3435
4.177,0.7163,0.1096,-0.6592,-7.2443,-17.0153,6.3435
4.197,0.7766,0.0696,-0.7053,-8.3588,-14.5267,8.5344
4.217,0.7593,0.074,-0.6611,-1.8015,-0.3588,-3.1374
4.237,0.7292,0.0991,-0.6887,2.0611,8.4198,-3.0076
4.257,0.6694,0.1335,-0.6995,5.2824,12.9695,-6.9618
4.277,0.6345,0.1475,-0.7002,-0.1679,4.8244,-1.3511
4.297,0.6575,0.1301,-0.7131,-8.3053,-8.6107,5.0305
4.317,0.6958,0.0945,-0.6799,-11.313,-15.771,6.4656
4.337,0.7446,0.0569,-0.6792,-8.6336,-15.4275,8.0916
4.357,0.7534,0.0552,-0.6694,0.4962,-5.687,0.3817
4.377,0.7256,0.0854,-0.6831,6.8931,2.9847,-3.542
4.397,0.6838,0.1243,-0.6936,8.7939,6.2977,-5.8092
4.417,0.6589,0.1467,-0.7021,4.1145,1.458,-3.2519
4.438,0.6689,0.1409,-0.7065,-2.8779,-7.1374,1.9847
4.457,0.6934,0.1221,-0.6809,-6.5191,-11.9008,4.1145
4.477,0.729,0.0947,-0.6929,-7.3206,-12.2366,6.8473
4.497,0.7407,0.0781,-0.6792,-4.2595,-6.5649,2.7176
4.517,0.7393,0.0813,-0.6858,-1.1603,0.145,0.0458
4.537,0.7046,0.1016,-0.6917,1.6794,5.5115,-3.6947
4.557,0.6741,0.1194,-0.6992,0.9542,4.8092,-2.855
4.577,0.665,0.1245,-0.7004,-1.5573,-0.7405,0.1145
4.597,0.6814,0.1169,-0.6943,-4.6031,-7.8855,3.0076
4.617,0.7053,0.0974,-0.6875,-5.5191,-11.8321,4.9466
4.637,0.7261,0.083,-0.676,-2.374,-9.5802,2.8244
4.657,0.7292,0.0862,-0.6865,0.9695,-4.855,1.2672
4.677,0.7078,0.1016,-0.6819,3.5878,0.2672,-2.3206
4.697,0.697,0.1147,-0.699,2.084,0.5802,-1.4809
4.717,0.6885,0.1267,-0.6941,-0.7634,-1.5115,-1.0534
4.737,0.688,0.1199,-0.6953,-3.7023,-5.1221,1.7328
4.757,0.6982,0.1033,-0.6887,-3.9542,-6.145,1.8473
4.777,0.7063,0.0996,-0.6907,-2.9542,-5.626,2.9008
4.797,0.7112,0.0986,-0.6846,-1.4351,-3.7252,1.9542
4.817,0.7112,0.1013,-0.698,-1.1069,-2.0916,1.0916
4.837,0.7009,0.1021,-0.6882,-2.0611,-1.4504,0.0916
4.857,0.7012,0.1033,-0.689,-2.8626,-2.5802,0.2824
4.877,0.6995,0.0996,-0.6904,-1.7481,-3.9771,0.9008
4.897,0.7,0.104,-0.6841,0.313,-4.3511,0.5954
4.917,0.7046,0.1091,-0.6931,0.687,-4.542,1.8779
4.937,0.7007,0.1096,-0.6882,0.1679,-3.8855,0.3588
4.957,0.7068,0.1091,-0.6895,-1.6794,-4.5649,1.1069
4.977,0.7041,0.1069,-0.6877,-2.0763,-4.5878,1.1756
4.997,0.7104,0.1016,-0.6836,-2.6107,-5.1145,2.1298
5.017,0.7148,0.0925,-0.6892,-2.2214,-4.4962,1.0458
5.037,0.7126,0.0996,-0.6848,-1.458,-2.7176,0.0687
5.057,0.7,0.1011,-0.6863,-0.3969,-1.0382,0.1374
5.078,0.6919,0.1101,-0.6902,0.0763,-0.4046,-0.6412
5.097,0.686,0.1118,-0.6904,-0.9237,-1.9466,0.458
5.117,0.6909,0.1094,-0.6907,-2.5878,-4.7405,2.1221
5.137,0.7048,0.1003,-0.6934,-3.7863,-7.5725,3.1069
5.157,0.7129,0.0908,-0.6826,-3.3664,-7.0992,2.3893
5.177,0.7256,0.0869,-0.6816,-1.5802,-4.916,1.7786
5.197,0.7146,0.0969,-0.6851,1.542,-0.5725,-1.3053
5.217,0.6958,0.1082,-0.6855,2.0611,1.0916,-1.2595
5.237,0.6748,0.127,-0.6821,1.5954,1.5649,-1.3206
5.257,0.6794,0.1274,-0.7126,-0.0382,-1.9084,1.9695
5.277,0.6841,0.1184,-0.6958,-1.8321,-7.2748,4.1145
5.297,0.719,0.0981,-0.6819,-7.626,-14.5496,8.1221
5.317,0.7646,0.0591,-0.6887,-9.458,-16.0916,5.8168
5.337,0.7791,0.0486,-0.6694,-4.4504,-7.229,-0.3664
5.357,0.7532,0.0718,-0.6953,4.1221,7.0611,-5.1679
5.377,0.6748,0.1274,-0.6848,8.0076,16.1374,-9.7176
5.397,0.624,0.158,-0.7119,2.2137,10.6565,-6.3359
5.417,0.6152,0.155,-0.6897,-5.1145,-4.8626,-0.4885
5.437,0.6655,0.1191,-0.6882,-8.313,-18.1679,7.9237
5.457,0.7214,0.0815,-0.6851,-4.8779,-20.0534,9.542
5.477,0.7598,0.0684,-0.6951,0.3817,-11.855,6.5725
5.497,0.75,0.0803,-0.689,2.5573,-1.3435,0.7252
5.517,0.7271,0.0957,-0.6899,-1.4198,2.0916,-2.2443
5.537,0.7109,0.0957,-0.6887,-4.4351,0.0687,-3.9924
5.557,0.7002,0.0959,-0.6907,-2.4733,-1.4962,-2.7863
5.577,0.6897,0.1138,-0.6868,2.7634,0.1069,-1.6107
5.597,0.6702,0.1362,-0.6846,4.0153,2.1603,-1.4198
5.617,0.6628,0.1421,-0.7107,0.4351,-0.5038,0.7176
5.637,0.6653,0.1331,-0.6992,-4.3664,-5.8702,3.2977
5.657,0.7065,0.0994,-0.7017,-9.3893,-13.3359,7.8321
5.677,0.7385,0.0637,-0.6736,-9.1756,-15.5115,6.4046
5.697,0.7727,0.0461,-0.6655,-3.7557,-10.916,3.4198
5.718,0.7612,0.0654,-0.6833,4.0,0.1908,-1.9542
5.737,0.7126,0.1089,-0.6897,7.8015,10.4122,-7.8168
5.757,0.6499,0.1489,-0.7039,5.5496,12.3206,-7.9084
5.777,0.614,0.166,-0.6931,0.6107,5.1069,-4.542
5.797,0.6406,0.1462,-0.7048,-5.7786,-10.0229,5.2366
5.817,0.6919,0.1074,-0.6768,-7.3969,-19.0534,9.4427
5.837,0.7529,0.0696,-0.6782,-7.4122,-19.7481,12.1374
5.857,0.7791,0.0574,-0.679,-3.2824,-10.0916,5.0229
5.877,0.7634,0.0649,-0.679,0.0,2.0916,-2.0763
5.897,0.7129,0.094,-0.6863,2.6336,9.7939,-6.9695
5.917,0.6682,0.1248,-0.6855,3.1832,7.9084,-6.3664
5.937,0.6533,0.1357,-0.6982,2.0611,-0.4198,-1.4656
5.957,0.6687,0.1294,-0.6924,-1.4733,-8.8168,3.4275
5.977,0.7,0.1106,-0.6929,-5.5649,-12.5267,5.6947
5.997,0.7236,0.0889,-0.6809,-6.6565,-9.0687,3.0916
6.017,0.7256,0.074,-0.6892,-4.7557,-3.7863,1.8092
6.037,0.7107,0.0889,-0.6714,0.916,1.8855,-1.9237
6.057,0.6902,0.1096,-0.6819,2.9237,1.5878,-1.145
6.077,0.6792,0.116,-0.699,2.5038,-1.5344,-0.7939
6.097,0.6919,0.1245,-0.7051,-0.4351,-6.9542,3.2061
6.117,0.707,0.1089,-0.6873,-4.0229,-9.3969,4.542
6.137,0.7263,0.0891,-0.6885,-6.5038,-8.1756,2.9008
6.157,0.7314,0.0789,-0.6887,-4.6565,-4.2214,0.2748
6.177,0.7183,0.0847,-0.6768,0.3206,0.1221,-1.0611
6.197,0.7024,0.1052,-0.6895,2.916,1.3511,-1.1908
6.217,0.6853,0.1216,-0.6921,1.8779,0.2366,-1.7939
6.237,0.6814,0.1238,-0.6948,-1.2824,-2.855,0.0229
6.257,0.6865,0.1135,-0.6934,-3.6565,-6.0992,2.0305
6.277,0.7029,0.0964,-0.6931,-4.6565,-8.4198,3.7634
6.297,0.7163,0.0898,-0.6804,-3.6565,-7.7863,3.0305
6.317,0.7258,0.0874,-0.679,-2.2672,-5.5267,1.8931
6.337,0.7168,0.092,-0.6797,0.3206,-1.4046,-1.2595
6.358,0.7009,0.1077,-0.6831,1.5344,1.0305,-2.1298
6.377,0.6868,0.1199,-0.7012,1.5725,0.855,-1.4809
6.397,0.6809,0.1233,-0.6941,-1.6183,-3.2977,1.1221
6.417,0.6951,0.1101,-0.6904,-4.8397,-7.3893,2.5496
6.437,0.7151,0.0952,-0.6794,-4.8321,-8.7252,2.2214
6.457,0.7212,0.0894,-0.6865,-1.9924,-6.5038,2.5344
6.477,0.7136,0.0979,-0.6794,1.084,-1.8855,0.2672
6.497,0.7024,0.1069,-0.6926,0.9847,0.6641,-1.229
6.517,0.6826,0.115,-0.6941,-0.3893,0.2824,-1.687
6.537,0.6865,0.1143,-0.6958,-2.4809,-3.2901,0.9924
6.557,0.6936,0.104,-0.6956,-3.542,-6.8779,3.0534
6.577,0.7148,0.0923,-0.6892,-3.7252,-7.8015,2.8015
6.597,0.7219,0.092,-0.6887,-1.9313,-5.3359,1.5191
6.617,0.7141,0.0928,-0.6829,-0.0611,-2.1679,0.3435
6.637,0.7026,0.1033,-0.698,0.3511,-0.3511,-0.374
6.657,0.6914,0.1069,-0.6919,-0.7481,-0.5725,-1.313
6.677,0.6914,0.1125,-0.6965,-1.7176,-3.3893,-0.0229
6.697,0.6938,0.1074,-0.6938,-1.5954,-5.7863,2.0763
6.717,0.7065,0.1045,-0.6882,-1.7634,-6.7405,2.7557
6.737,0.7163,0.0994,-0.6873,-1.3969,-5.5649,1.7405
6.757,0.709,0.1016,-0.6873,-0.6947,-3.0687,0.1069
6.777,0.7046,0.1077,-0.6931,-1.2748,-1.8473,0.855
6.797,0.696,0.1055,-0.6907,-1.7099,-2.1221,-0.1069
6.817,0.7046,0.1018,-0.6868,-2.5191,-4.0153,0.9237
6.837,0.7046,0.1047,-0.679,-1.6107,-4.4733,0.9237
6.857,0.7058,0.1028,-0.6985,-1.1679,-4.0611,1.7252
6.877,0.7002,0.105,-0.6909,-0.8855,-2.3359,-0.0153
6.897,0.696,0.1074,-0.6873,-1.3893,-2.1145,0.1069
6.917,0.6963,0.1072,-0.6873,-1.9389,-3.145,0.8092
6.937,0.7017,0.1003,-0.6877,-2.6947,-5.1985,1.7863
6.957,0.7107,0.0959,-0.6975,-2.9008,-6.4198,2.4656
6.977,0.7124,0.0952,-0.6826,-1.2672,-5.0,0.2214
6.998,0.7119,0.0942,-0.6951,-0.0687,-3.3511,0.4198
7.017,0.7009,0.1089,-0.6855,1.1145,-1.0458,-1.0382
7.037,0.6946,0.1135,-0.6907,-0.2595,-2.0076,0.5191
7.057,0.6914,0.1155,-0.6902,-1.2366,-3.0763,-0.2748
7.077,0.6985,0.1067,-0.6987,-3.0916,-5.687,2.3969
7.097,0.7104,0.1042,-0.6885,-3.0611,-6.0763,2.2595
7.117,0.7183,0.095,-0.6853,-3.0305,-5.2214,2.4427
7.137,0.7114,0.0969,-0.688,-1.7557,-2.7252,0.2824
7.157,0.7026,0.1021,-0.6865,-0.8855,-0.7634,-0.5496
7.177,0.6907,0.1062,-0.6914,-0.374,-0.9084,-0.5191
7.197,0.6877,0.1111,-0.687,-0.4351,-3.4427,0.5267
7.217,0.697,0.1079,-0.6926,-0.9771,-5.8092,1.3053
7.237,0.7048,0.1101,-0.6909,-1.5725,-6.5573,1.7634
7.257,0.7114,0.1047,-0.6863,-1.5954,-5.3969,1.7786
7.277,0.7109,0.1025,-0.6873,-1.7786,-3.4351,1.1832
7.297,0.7068,0.0986,-0.6948,-2.2595,-1.9847,-0.0153
7.317,0.7007,0.1052,-0.6892,-1.9771,-1.8855,-0.4885
7.337,0.6995,0.1003,-0.6978,-0.8321,-2.9771,0.4275
7.357,0.7004,0.1069,-0.6912,-0.1527,-4.1832,1.374
7.377,0.7097,0.106,-0.6963,-1.1527,-5.0305,1.7405
7.397,0.7024,0.1045,-0.6873,-1.8092,-4.1221,0.3893
7.417,0.7063,0.0981,-0.6875,-2.6031,-3.9695,1.6107
7.437,0.6992,0.1021,-0.6831,-1.7939,-3.229,0.4733
7.457,0.7065,0.0969,-0.6938,-1.7557,-4.1679,1.5344
7.477,0.7039,0.1016,-0.6814,-0.4656,-3.3969,-0.1298
7.497,0.7065,0.1021,-0.6982,-0.8092,-3.5725,1.5191
7.517,0.6965,0.1094,-0.6819,-0.542,-2.4427,-0.0611
7.537,0.7036,0.1074,-0.6936,-2.2137,-3.5038,1.1145
7.557,0.6995,0.1077,-0.6841,-2.1985,-3.8931,0.4427
7.577,0.7048,0.0974,-0.6885,-2.2824,-5.0076,2.0687
7.597,0.7068,0.0999,-0.6892,-1.4122,-4.374,1.0534
7.617,0.7085,0.0991,-0.6902,-1.2824,-3.6947,0.9237
7.638,0.7061,0.1028,-0.6868,-0.6412,-2.2061,-0.2824
7.657,0.6936,0.1082,-0.689,-1.0,-2.1145,0.3511
7.677,0.6958,0.1099,-0.6902,-1.4962,-3.1298,0.9313
7.697,0.6968,0.1072,-0.6833,-2.3053,-4.5573,0.9542
7.717,0.7014,0.0984,-0.6858,-2.0611,-5.5267,1.2595
7.737,0.7104,0.0991,-0.6812,-1.0992,-4.9924,1.6183
7.757,0.7095,0.0991,-0.689,-0.7099,-3.6107,1.1374
7.777,0.7029,0.1025,-0.6917,-1.1374,-2.2824,-0.1985
7.797,0.7,0.1067,-0.6907,-1.5802,-2.1527,-0.0534
7.817,0.6934,0.1091,-0.6843,-1.5115,-2.3969,0.3359
7.837,0.6992,0.1069,-0.6895,-2.0305,-4.1756,1.7252
7.857,0.7002,0.105,-0.6885,-2.0229,-4.9924,1.229
7.877,0.7085,0.0952,-0.688,-2.1069,-5.458,1.7328
7.897,0.71,0.1003,-0.6875,-1.0763,-4.1527,0.6107
7.917,0.7056,0.0994,-0.6917,-0.8473,-3.0992,0.9771
7.937,0.7009,0.1077,-0.6868,-0.6412,-1.9847,-0.5191
7.957,0.7004,0.1079,-0.6902,-1.3588,-2.5267,0.1603
7.977,0.6975,0.1079,-0.6841,-1.2901,-3.2519,0.2137
7.997,0.7,0.1072,-0.6941,-1.5038,-4.6947,1.5725
8.017,0.707,0.1013,-0.687,-1.6718,-5.3359,1.771
8.037,0.7095,0.0986,-0.6909,-2.0305,-5.0687,1.7405
8.057,0.7104,0.0964,-0.6873,-2.1374,-3.8855,1.0458
8.077,0.7109,0.0979,-0.6853,-1.6718,-2.5954,0.313
8.097,0.7031,0.1011,-0.6992,-1.0229,-2.0916,-0.1374
8.117,0.699,0.1025,-0.6895,-0.4733,-2.5802,0.3588
8.137,0.6936,0.1084,-0.6892,-0.8092,-3.7557,0.7328
8.157,0.6997,0.1033,-0.6868,-1.3893,-4.7405,1.1908
8.177,0.7009,0.1045,-0.6899,-1.8092,-4.8473,1.6031
8.197,0.7043,0.103,-0.6895,-2.3053,-4.4275,1.5496
8.217,0.7073,0.0986,-0.6907,-2.2977,-3.4962,0.6565
8.237,0.7068,0.0999,-0.6836,-1.5802,-3.0382,0.0
8.257,0.7019,0.0986,-0.6848,-0.9008,-3.4427,0.9008
8.278,0.6992,0.1089,-0.6887,-0.3664,-3.5191,0.542
8.297,0.7017,0.1084,-0.6899,-0.9008,-3.3435,0.6641
8.317,0.7004,0.1077,-0.6956,-1.3511,-3.1069,0.2901
8.337,0.7012,0.105,-0.6836,-2.145,-3.7786,1.2137
8.357,0.7002,0.0999,-0.6902,-2.542,-4.9466,1.626
8.377,0.707,0.0996,-0.6875,-2.084,-5.1527,1.0916
8.397,0.7097,0.0989,-0.6882,-0.9389,-4.5344,0.9618
8.417,0.7036,0.1018,-0.687,0.0458,-2.8473,0.5267
8.437,0.7014,0.1094,-0.6958,-0.2824,-2.0534,0.2824
8.457,0.6934,0.1157,-0.6853,-1.2214,-2.1374,-0.2824
8.477,0.6968,0.1074,-0.6909,-2.4733,-3.7328,0.9695
8.497,0.7036,0.1003,-0.6899,-2.3359,-5.0229,1.5115
8.517,0.7075,0.0996,-0.6848,-2.0,-5.7863,2.1069
8.537,0.7124,0.0959,-0.6887,-1.2977,-4.9008,1.1985
8.557,0.7056,0.1003,-0.6914,-0.9389,-2.9618,0.374
8.577,0.6992,0.1035,-0.688,-0.3969,-1.0916,-0.3435
8.597,0.6938,0.1116,-0.6892,-1.0076,-0.9389,0.084
8.617,0.6899,0.1042,-0.6924,-2.5725,-2.7863,0.5725
8.637,0.6948,0.1023,-0.6868,-3.0305,-5.6336,1.1985
8.657,0.71,0.0962,-0.687,-1.9847,-7.3893,2.4351
8.677,0.7126,0.094,-0.6846,-0.4122,-6.5115,2.4427
8.697,0.7131,0.1018,-0.686,0.3588,-3.5649,0.7786
8.717,0.7073,0.1047,-0.6909,0.1756,-0.8473,-1.1069
8.737,0.6931,0.1091,-0.6907,-1.0229,-0.4809,-0.6718
8.757,0.6926,0.114,-0.6987,-2.1069,-2.4504,0.4046
8.777,0.6987,0.104,-0.6895,-3.2214,-6.0687,2.1069
8.797,0.7104,0.0981,-0.6799,-2.6489,-7.4275,2.4885
8.817,0.7168,0.0938,-0.6948,-1.3969,-6.3053,2.4198
8.837,0.7153,0.0986,-0.6909,-0.4351,-2.6641,0.2519
8.857,0.7024,0.1055,-0.6968,-0.8473,-0.0305,-0.542
8.877,0.6909,0.1089,-0.6897,-1.2214,0.1908,-1.4809
8.897,0.6829,0.1096,-0.6948,-2.1145,-2.6412,0.6183
8.918,0.6907,0.1064,-0.6904,-1.9008,-5.771,1.6718
8.937,0.7051,0.1021,-0.6877,-1.916,-7.4427,2.9466
8.957,0.7136,0.0989,-0.6938,-1.3511,-6.1985,1.8626
8.977,0.7148,0.1011,-0.6875,-1.2366,-3.5802,0.7863
8.997,0.7053,0.1033,-0.6892,-0.8473,-1.2824,-0.458
9.017,0.6992,0.1055,-0.6938,-1.1527,-1.0076,-0.5115
9.037,0.6951,0.1067,-0.6938,-1.2824,-3.0076,0.229
9.057,0.6914,0.1108,-0.6907,-1.1908,-4.7099,1.0534
9.077,0.7073,0.1023,-0.688,-1.5267,-5.855,2.2214
9.097,0.7073,0.1052,-0.6899,-1.4275,-4.8931,1.374
9.117,0.7097,0.1008,-0.6868,-2.2214,-3.3893,1.2137
9.137,0.7083,0.0991,-0.6875,-2.0687,-1.8015,-0.3588
9.157,0.6982,0.1035,-0.6914,-1.9237,-2.2595,0.6031
9.177,0.6941,0.1047,-0.6931,-1.1298,-3.2061,0.3893
9.197,0.7012,0.1072,-0.6965,-1.3053,-4.7863,1.6183
9.217,0.7012,0.1033,-0.6853,-1.1145,-4.5802,0.5878
9.237,0.7087,0.1069,-0.6934,-1.229,-3.9924,1.1908
9.257,0.7053,0.1013,-0.6843,-1.1527,-2.8702,0.4733
9.277,0.699,0.105,-0.6948,-1.7252,-3.1298,0.7252
9.297,0.7021,0.106,-0.6946,-2.1756,-3.6947,0.7557
9.317,0.7053,0.0989,-0.6909,-2.2595,-4.4885,1.1221
9.337,0.7065,0.0999,-0.6902,-1.2901,-4.3206,1.0382
9.357,0.7065,0.1008,-0.688,-0.4656,-3.7939,0.9008
9.377,0.7034,0.1064,-0.6929,-0.5725,-3.1679,0.5878
9.397,0.7024,0.1062,-0.6907,-1.2061,-2.7786,0.4351
9.417,0.6985,0.1084,-0.6909,-2.2595,-3.1527,0.6336
9.437,0.7026,0.1047,-0.6841,-2.5954,-3.5725,0.8473
9.457,0.7039,0.1021,-0.6958,-2.2672,-4.1756,1.229
9.477,0.7053,0.0981,-0.6907,-1.7099,-4.5573,1.4198
9.497,0.7068,0.0989,-0.6877,-0.9695,-4.0534,0.8168
9.517,0.7043,0.1045,-0.6899,-0.5267,-3.0534,0.3206
9.537,0.7009,0.1062,-0.6936,-0.9389,-2.6794,0.6489
9.558,0.6938,0.1082,-0.6841,-1.4656,-2.8168,0.2137
9.577,0.6992,0.1074,-0.6963,-2.2824,-3.9847,0.9847
9.597,0.7002,0.1006,-0.6838,-1.7786,-4.7099,0.9008
9.617,0.7107,0.1028,-0.6921,-1.5649,-5.5267,2.1603
9.637,0.7153,0.1008,-0.6887,-0.9618,-4.7099,0.8855
9.657,0.708,0.1013,-0.6902,-1.0382,-3.4733,0.6183
9.677,0.6995,0.1082,-0.6887,-0.6489,-1.7176,-0.2672
9.697,0.6948,0.1082,-0.7053,-1.2443,-1.7786,0.6107
9.717,0.696,0.1052,-0.6924,-2.0916,-3.084,0.7863
9.737,0.6958,0.106,-0.6948,-2.9924,-4.9084,1.5802
9.757,0.7061,0.0974,-0.6853,-2.2672,-5.6641,1.7099
9.777,0.7112,0.0977,-0.686,-1.1985,-5.0,1.855
9.797,0.7087,0.0977,-0.6907,-0.6031,-3.0763,0.5649
9.817,0.7078,0.1028,-0.6931,-0.687,-1.7557,-0.4427
9.837,0.6985,0.1089,-0.6833,-0.7939,-1.9389,-0.3282
9.857,0.6943,0.1096,-0.689,-1.2366,-3.8855,0.9847
9.877,0.699,0.1047,-0.6904,-1.7634,-5.4962,1.7023
9.897,0.7078,0.1074,-0.6851,-2.0611,-5.6031,1.6641
9.917,0.7104,0.0994,-0.6902,-1.8473,-4.1069,1.5344
9.937,0.7097,0.0969,-0.6885,-1.626,-2.2443,0.4733
9.957,0.7041,0.1018,-0.6934,-1.9237,-2.0153,0.0305
9.977,0.7026,0.1006,-0.6936,-1.5725,-2.7863,-0.2366
9.997,0.7007,0.1035,-0.687,-0.9466,-4.1298,1.2061
10.017,0.7,0.1033,-0.6909,-0.3206,-4.5267,1.3282
10.037,0.7051,0.1086,-0.6956,-1.3359,-4.6183,1.6947
10.057,0.7063,0.1021,-0.6841,-2.0611,-3.5878,0.3664
10.077,0.7043,0.0969,-0.6904,-2.5802,-3.1221,0.7939
10.097,0.7026,0.1047,-0.6934,-1.9466,-3.374,0.6565
10.117,0.7061,0.1035,-0.688,-1.5038,-4.1832,1.1221
10.137,0.7065,0.1003,-0.6882,-0.7099,-4.3893,0.9542
10.157,0.7029,0.1038,-0.6899,-0.4351,-3.2672,0.4504
10.177,0.7014,0.1084,-0.6946,-1.1221,-2.4046,0.6107
10.198,0.6946,0.1074,-0.6936,-1.9389,-2.3893,0.1908
10.217,0.6965,0.1077,-0.6904,-2.7557,-3.6794,0.9924
10.237,0.699,0.1011,-0.6887,-2.374,-5.1298,1.4656
10.257,0.709,0.0979,-0.6843,-1.6412,-6.1145,2.2901
10.277,0.7139,0.0981,-0.6892,-1.0382,-4.9695,1.1603
10.297,0.7114,0.0969,-0.6936,-0.855,-3.084,0.3435
10.317,0.6982,0.1052,-0.6855,-0.1832,-0.6947,-1.0153
10.337,0.6936,0.1116,-0.6909,-0.7099,-0.9924,0.0458
10.357,0.6892,0.1116,-0.6936,-2.0687,-3.374,1.0229
10.377,0.7,0.1023,-0.687,-3.2672,-6.4046,2.0153
10.397,0.7112,0.1018,-0.6829,-2.6336,-6.9695,1.6718
10.417,0.7173,0.093,-0.687,-1.0153,-4.9466,1.8779
10.437,0.7087,0.1013,-0.6887,-0.0076,-2.084,0.4885
10.457,0.7024,0.1069,-0.6904,-0.9618,-0.7557,-0.6489
10.477,0.6938,0.1082,-0.6921,-1.7863,-1.6183,-0.6794
10.497,0.6921,0.1047,-0.6926,-1.8702,-3.7405,0.855
10.517,0.7002,0.1084,-0.6912,-1.9695,-5.9542,2.855
10.537,0.7117,0.1016,-0.6902,-2.0763,-5.5038,1.9084
10.557,0.7126,0.0952,-0.6973,-2.2137,-4.3893,1.0382
10.577,0.7087,0.1008,-0.6902,-0.9008,-2.5573,-0.5115
10.597,0.7034,0.1025,-0.6902,-0.3817,-3.3053,0.8397
10.617,0.6992,0.1091,-0.6836,0.2366,-3.4198,-0.2061
10.637,0.7031,0.1086,-0.6917,-0.9008,-4.1145,1.2901
10.657,0.7014,0.1082,-0.6912,-1.4427,-3.084,0.2595
10.677,0.7017,0.105,-0.6948,-2.6718,-3.4046,1.2519
10.697,0.6992,0.1057,-0.6917,-2.4885,-3.5802,0.687
10.717,0.7014,0.1023,-0.6902,-2.5725,-4.626,1.6336
10.737,0.7073,0.0989,-0.696,-1.4656,-4.7328,1.4656
10.757,0.7061,0.0989,-0.6912,-1.0687,-4.084,1.4427
10.777,0.7026,0.1042,-0.6892,-0.5649,-2.1221,-0.2137
10.797,0.6958,0.1069,-0.6912,-0.8015,-1.7252,-0.0763
10.817,0.6948,0.1106,-0.6887,-0.7405,-2.626,0.4198
10.838,0.6965,0.1113,-0.6968,-1.7939,-4.8092,1.8931
10.857,0.7036,0.1018,-0.6877,-2.9618,-6.4656,2.3969
10.877,0.7117,0.0898,-0.6848,-2.6718,-5.5878,1.4046
10.897,0.7163,0.0947,-0.6995,-0.9313,-3.3511,0.8626
10.917,0.7036,0.1045,-0.6875,0.9771,-0.8168,-0.6489
10.937,0.7,0.1118,-0.6877,0.0458,-1.6794,0.4733
10.957,0.6931,0.1111,-0.6921,-1.2519,-3.7557,0.4427
10.977,0.7058,0.1064,-0.6873,-2.7786,-6.2519,2.374
10.997,0.7109,0.0964,-0.687,-2.3435,-5.5802,2.1069
11.017,0.7117,0.1013,-0.6914,-1.8244,-3.2214,1.8397
11.037,0.6995,0.1001,-0.6877,-1.7252,-1.0458,-0.4275
11.057,0.6975,0.104,-0.6838,-2.0305,-1.6336,-0.687
11.077,0.6921,0.1057,-0.6865,0.2748,-2.9771,0.1145
11.097,0.7026,0.1082,-0.696,1.313,-5.1069,3.0382
11.117,0.7036,0.1128,-0.6846,-0.7557,-6.1603,2.7252
11.137,0.7129,0.0996,-0.6926,-5.2443,-6.7023,2.7023
11.157,0.7195,0.0864,-0.6912,-5.4046,-4.3511,0.0992
11.177,0.718,0.0867,-0.6885,-2.4046,-2.0076,0.4504
11.197,0.707,0.0947,-0.6877,1.2214,-0.0992,-0.9847
11.217,0.6882,0.1104,-0.6907,2.9771,-0.1298,-2.0687
11.237,0.6838,0.126,-0.6975,2.1374,-2.5649,0.0611
11.257,0.6853,0.1238,-0.6868,-1.0992,-5.7176,2.542
11.277,0.7,0.1135,-0.6934,-4.771,-7.8931,3.3817
11.297,0.719,0.0896,-0.6865,-5.7481,-7.4122,2.3511
11.317,0.7209,0.0813,-0.6814,-3.9847,-5.1985,2.4351
11.337,0.7207,0.0842,-0.6836,-0.6947,-2.0916,0.3511
11.357,0.7061,0.0962,-0.687,0.7557,-0.771,-1.0076
11.377,-1.1396,-0.4407,0.5415,0.5649,-3.5191,-4.3359
11.397,0.9431,-0.0332,-0.2463,-50.4122,-128.8473,65.687
11.417,1.1243,0.0579,-1.0718,55.1221,-26.7176,-12.5954
11.437,0.6704,0.1768,-0.3787,61.0305,59.4427,6.5725
11.457,0.6118,0.3909,-0.3962,20.6183,9.2672,-5.0534
11.478,0.7668,0.2205,-0.9082,-46.2137,-9.1603,-26.9618
11.497,0.7437,0.1357,-0.8943,-30.9847,27.9466,-32.3053
11.517,0.5977,0.135,-0.5522,-15.4962,29.7023,49.4656
11.537,0.6631,0.1182,-0.6565,-30.9618,3.6336,18.5267
11.557,0.699,-0.0273,-0.7739,-50.626,0.8702,-24.9237
11.577,0.6958,-0.0562,-0.6785,-16.084,6.0611,0.0534
11.597,0.6497,0.0078,-0.6487,21.9313,1.4962,23.2519
11.617,0.6538,0.0603,-0.7222,18.2824,-6.7863,-1.4122
11.637,0.6577,0.0981,-0.687,16.2595,-13.8702,-28.2061
11.657,0.676,0.125,-0.6926,24.3664,-22.313,4.4656
11.677,0.7207,0.1663,-0.7036,23.2824,-26.6794,17.4656
11.697,0.7522,0.1619,-0.686,4.6489,-21.0076,-3.8702
11.717,0.7993,0.0481,-1.2236,-93.4657,-87.4198,2.6183
11.737,0.751,-0.1887,-2.0,-56.0763,-98.7557,25.3359
11.757,1.9999,0.124,-0.2974,-14.9313,-89.9084,80.8168
11.777,0.7444,0.5046,-0.5457,52.9466,-1.5191,-42.8702
11.797,0.8921,-0.1423,-0.8777,27.9695,70.4657,-45.8931
11.817,0.7727,0.032,-0.3,51.0916,124.313,-19.7099
11.837,0.553,0.3105,-0.4692,21.687,85.458,-17.7786
11.857,0.5308,0.2927,-1.0396,-26.2519,51.7099,-50.2672
11.877,0.4448,0.1997,-0.9116,-43.0763,33.3359,-12.8015
11.897,0.4597,0.1289,-0.6162,-34.8931,-2.9924,28.8626
11.917,0.6309,0.0112,-0.5996,-40.5802,-50.0992,51.8321
11.937,0.853,-0.1477,-0.7661,-34.4046,-50.4198,8.5802
11.957,0.7488,-0.0508,-0.4658,-31.0382,-62.7939,-22.5344
11.977,0.8013,0.2449,-0.7458,-23.6641,-82.0916,64.9695
11.997,0.6665,0.1016,-0.9324,-14.0,-47.3511,-24.5573
12.017,0.8394,0.1091,-1.0271,-2.145,-7.542,3.8015
12.037,0.7546,0.1428,-0.9082,19.4733,38.5878,0.5115
12.057,0.7285,0.0781,-0.7034,37.6107,71.7557,-25.6641
12.077,0.6414,0.0571,-0.5574,41.5267,79.5191,-34.2672
12.097,0.5325,0.1362,-0.3774,23.9237,40.9695,-9.7786
12.118,0.5962,0.1294,-0.7297,-1.3053,-1.1908,-16.6641
12.137,-0.1873,0.2825,-0.0278,-13.2672,-51.6031,9.2977
12.157,0.6438,0.1406,-0.6755,-37.7405,-128.7405,47.3664
12.177,0.5735,0.0374,-1.0649,-39.8168,-116.2901,36.3817
12.197,1.1548,-0.0454,-1.0146,-17.2672,-52.8855,17.6794
12.217,0.7327,0.1899,-1.04,13.5115,11.4809,-6.374
12.237,0.8604,0.042,-1.0239,29.7939,65.6794,-19.2366
12.257,0.708,0.0659,-0.8049,60.5267,115.1985,-40.0382
12.277,0.3872,0.2393,-0.2068,58.687,97.1985,-21.4275
12.297,0.4302,0.2776,-0.314,2.229,-1.145,17.4198
12.317,0.6794,0.1001,-0.9409,-45.4962,-49.0534,1.8855
12.337,0.7942,-0.0078,-1.0149,-27.8321,-17.8473,2.4809
12.357,0.6677,0.051,-0.5071,15.5878,6.8702,17.5802
12.377,0.6934,0.0815,-0.4802,8.3206,-15.6718,17.8168
12.397,0.8052,0.0298,-0.8052,-7.9695,-16.2214,-20.0076
12.417,0.7478,0.0576,-0.8259,9.3359,12.4046,-20.4656
12.437,0.6162,0.158,-0.613,29.5344,16.8931,7.1832
12.457,0.6123,0.1953,-0.6606,8.2595,-5.9771,7.4656
12.477,0.6963,0.1506,-0.7705,-15.9542,-17.9008,-12.4046
12.497,0.7197,0.0959,-0.7266,-12.0382,-12.1069,2.6412
12.517,0.7256,0.082,-0.6499,-2.3588,-6.8473,20.3282
12.537,0.7373,0.0752,-0.6775,-7.2672,-2.9466,3.7481
12.557,0.7295,0.0657,-0.7087,-8.6183,5.8626,-13.7405
12.577,0.6804,0.0908,-0.698,3.2519,9.8931,-2.916
12.597,0.6492,0.1194,-0.7041,5.916,4.9313,7.2214
12.617,0.6499,0.1179,-0.7085,-3.8168,-3.7252,-3.0916
12.637,0.6729,0.094,-0.6953,-7.5878,-10.5038,-3.8855
12.657,0.7002,0.083,-0.6968,-0.916,-12.458,8.1679
12.677,0.7188,0.0818,-0.699,2.8931,-9.1374,6.7939
12.697,0.7129,0.0894,-0.6931,1.0916,-4.2901,-4.0611
12.717,0.7087,0.0989,-0.699,1.8244,-2.5344,-4.1069
12.737,0.6975,0.1162,-0.7,4.2061,-1.7176,1.2977
12.758,0.6885,0.1248,-0.7009,1.1603,-2.0305,0.6107
12.777,0.6875,0.1216,-0.7056,-3.8244,-2.7405,-1.7176
12.797,0.6936,0.1069,-0.7,-6.0916,-3.3359,1.4504
12.817,0.6978,0.1008,-0.6973,-6.0763,-3.313,3.6641
12.837,0.699,0.0862,-0.697,-5.4733,-2.6412,0.9771
12.857,0.6965,0.0867,-0.6973,-3.3588,-2.374,-0.4275
12.877,0.6958,0.0828,-0.7002,0.0611,-2.916,0.9389
12.897,0.6877,0.0964,-0.7019,1.3893,-2.9847,0.7939
12.917,0.6855,0.1016,-0.7004,0.2977,-3.5191,-0.8321
12.937,0.6846,0.105,-0.7021,-0.1221,-4.3817,-0.6336
12.957,0.6948,0.1077,-0.6978,-0.4198,-6.0229,1.5344
12.977,0.6987,0.1035,-0.6953,-0.9084,-6.7252,1.5038
12.997,0.7068,0.1021,-0.6982,-0.9847,-6.2977,0.6794
13.017,0.7112,0.104,-0.6965,-0.5725,-4.5496,0.9771
13.037,0.7063,0.1062,-0.7026,-1.0305,-2.0229,0.6412
13.057,0.6938,0.1067,-0.7009,-2.458,-0.5496,-0.5344
13.077,0.6863,0.1074,-0.6992,-2.7634,-0.2214,-1.2672
13.097,0.6841,0.1072,-0.7012,-2.8168,-1.9924,1.3664
13.117,0.6912,0.1011,-0.7002,-3.0992,-4.2824,2.2214
13.137,0.6931,0.092,-0.6958,-3.771,-6.0153,1.8168
13.157,0.6975,0.0891,-0.6965,-2.3588,-5.542,1.1832
13.177,0.6968,0.0894,-0.7034,0.3893,-3.5267,0.3817
13.197,0.6899,0.1006,-0.7004,1.6947,-2.1679,0.1527
13.217,0.6838,0.1116,-0.6987,1.3588,-2.5038,-0.7099
13.237,0.6848,0.1135,-0.7024,0.313,-4.0534,0.1069
13.257,0.6924,0.1143,-0.7004,-1.1145,-5.7863,2.0458
13.277,0.7,0.1074,-0.698,-2.5649,-6.1298,2.4733
13.297,0.7083,0.0986,-0.6951,-3.2595,-4.626,1.4885
13.317,0.707,0.0981,-0.6941,-2.9924,-2.8855,1.1374
13.337,0.7012,0.0979,-0.6997,-1.5725,-0.9847,0.0
13.357,0.6938,0.1025,-0.6997,-0.8015,-0.8397,0.1679
13.377,0.687,0.1072,-0.6929,-0.7557,-1.6565,0.1679
13.398,0.6836,0.1067,-0.6987,-2.1985,-4.0153,1.7863
13.417,0.6926,0.0996,-0.7004,-3.0458,-5.4733,1.4427
13.437,0.7034,0.0969,-0.6943,-2.0534,-5.4122,1.2672
13.457,0.7007,0.0955,-0.6951,-0.5191,-3.9313,1.2443
13.477,0.6953,0.1021,-0.6931,0.2824,-2.9847,0.4656
13.497,0.6897,0.1013,-0.6914,-0.1527,-2.8092,-0.3282
13.517,0.6948,0.1025,-0.6995,-1.1069,-4.3511,0.7863
13.537,0.6968,0.1016,-0.7002,-1.4198,-4.9847,1.1756
13.557,0.6992,0.0996,-0.6948,-1.8931,-4.7634,1.1527
13.577,0.7043,0.1025,-0.699,-1.7252,-3.6565,0.9542
13.597,0.6968,0.1033,-0.6982,-1.6641,-2.3282,0.145
13.617,0.6931,0.1006,-0.6978,-1.6412,-2.2214,-0.0076
13.637,0.6912,0.1035,-0.7007,-0.9847,-2.4122,-0.1603
13.657,0.6853,0.105,-0.6995,-1.0458,-3.7939,1.458
13.677,0.6924,0.1079,-0.6926,-1.7176,-4.7786,1.5191
13.697,0.7007,0.0957,-0.7095,-3.0687,-5.7176,2.2214
13.717,0.6997,0.0989,-0.6865,-2.8626,-4.4275,0.7634
13.737,0.6982,0.0911,-0.6958,-2.0916,-2.4733,0.5573
13.757,0.6958,0.0999,-0.6924,-0.5038,-0.8473,-0.687
13.777,0.6819,0.1047,-0.698,-0.1298,-1.9618,-0.084
13.797,0.6819,0.1084,-0.7041,-0.1756,-3.7176,0.2672
13.817,0.6931,0.1064,-0.7075,-0.9847,-6.458,2.1374
13.837,0.6953,0.1033,-0.6956,-1.2595,-6.2519,1.626
13.857,0.7056,0.1045,-0.6948,-2.0916,-5.1985,1.9237
13.877,0.7056,0.1008,-0.7014,-1.9618,-2.8168,0.2214
13.897,0.6965,0.1006,-0.6958,-1.8397,-2.1069,0.3435
13.917,0.6924,0.0989,-0.7009,-1.3053,-2.626,0.2977
13.937,0.6948,0.103,-0.6968,-0.9924,-3.1145,0.4809
13.957,0.6929,0.1018,-0.6958,-1.1679,-3.3969,0.9389
13.977,0.6912,0.105,-0.6946,-1.3206,-3.0611,0.4962
13.997,0.6897,0.1047,-0.6992,-1.9313,-3.7023,1.5115
14.017,0.6938,0.1025,-0.6938,-2.0229,-4.4733,1.3817
14.038,0.7017,0.0977,-0.7,-2.4351,-5.3435,1.9771
14.057,0.7034,0.0945,-0.696,-1.5878,-4.5496,0.687
14.077,0.7017,0.0947,-0.6987,-0.6031,-3.3588,0.5344
14.097,0.6968,0.1023,-0.7017,0.2672,-1.8321,-0.0687
14.117,0.689,0.1084,-0.7026,-0.7405,-2.0763,0.2595
14.137,0.686,0.1079,-0.699,-1.5802,-3.1985,-0.1374
14.157,0.6929,0.1055,-0.6948,-2.0153,-5.145,1.6336
14.177,0.6985,0.103,-0.6941,-1.6565,-5.6718,2.0534
14.197,0.7046,0.094,-0.6902,-1.8321,-4.8855,1.855
14.217,0.7034,0.0979,-0.7039,-1.9924,-3.2519,0.5115
14.237,0.6982,0.0996,-0.6934,-1.6183,-1.9695,-0.0153
14.257,0.6924,0.0967,-0.6919,-1.1756,-1.916,0.2824
14.277,0.6938,0.1086,-0.7034,-1.1527,-2.9008,0.6107
14.297,0.6926,0.1057,-0.7046,-1.2824,-3.9084,0.626
14.317,0.697,0.1028,-0.6941,-1.4427,-4.3817,1.1374
14.337,0.6917,0.1038,-0.699,-1.6565,-4.5496,1.4046
14.357,0.6963,0.1006,-0.698,-1.8855,-4.1221,1.0
14.377,0.6992,0.0955,-0.6997,-1.9008,-3.9084,0.8015
14.397,0.6936,0.0991,-0.6956,-1.3664,-3.458,0.3359
14.417,0.6912,0.1038,-0.7004,-0.8855,-3.4962,0.7939
14.437,0.6917,0.1038,-0.6963,-0.4275,-3.3664,0.542
14.457,0.6963,0.1047,-0.6951,-0.9924,-3.5344,0.9618
14.477,0.6912,0.1072,-0.6958,-1.8473,-3.4351,0.8244
14.497,0.6926,0.0999,-0.7021,-2.542,-3.7176,0.9008
14.517,0.6953,0.0999,-0.6968,-2.2214,-3.9008,0.8321
14.537,0.6946,0.0984,-0.7009,-1.5191,-3.9924,1.4427
14.557,0.7021,0.0996,-0.6941,-1.0153,-3.5344,0.9084
14.577,0.6956,0.1011,-0.7026,-1.2824,-3.2214,0.3969
14.597,0.6917,0.1033,-0.7007,-1.2214,-3.0992,0.3588
14.617,0.6936,0.1062,-0.6968,-1.3511,-3.7252,1.0763
14.637,0.6936,0.1023,-0.7004,-1.6107,-4.1832,1.0
14.657,0.6992,0.1003,-0.696,-1.687,-4.3969,0.7939
14.678,0.6943,0.1042,-0.7,-1.2672,-4.2061,1.0458
14.697,0.6987,0.0981,-0.6958,-1.1603,-3.4122,1.0305
14.717,0.6951,0.1047,-0.6968,-1.6565,-2.8473,0.3893
14.737,0.6931,0.1038,-0.6958,-1.4351,-2.7328,0.0
14.757,0.6926,0.1021,-0.6963,-1.3206,-3.5649,1.2672
14.777,0.6904,0.1021,-0.6987,-1.6412,-3.9695,1.2672
14.797,0.6953,0.1006,-0.7012,-2.3588,-4.4351,1.2137
14.817,0.6975,0.0979,-0.7012,-1.6489,-3.8702,0.4046
14.837,0.7002,0.0991,-0.7002,-1.1756,-3.8626,1.0763
14.857,0.6958,0.0996,-0.7012,-0.6794,-3.687,0.7176
14.877,0.6985,0.1028,-0.6943,-0.9084,-3.6641,0.4046
14.897,0.6992,0.105,-0.696,-1.3817,-3.2137,0.7557
14.917,0.6936,0.1069,-0.6995,-1.8855,-3.0076,0.6183
14.937,0.6929,0.1006,-0.6982,-2.1374,-3.4427,0.4885
14.957,0.6953,0.1008,-0.698,-1.5267,-4.1374,0.7405
14.977,0.6982,0.1035,-0.7,-1.1221,-4.687,1.5878
14.997,0.6968,0.0996,-0.7019,-1.0763,-4.2061,1.0076
15.017,0.6946,0.1011,-0.6921,-1.5191,-3.3893,0.3511
15.037,0.6897,0.0991,-0.6929,-1.3893,-2.8473,0.2214
15.057,0.6924,0.1052,-0.7026,-1.229,-2.9924,0.8244
15.077,0.6912,0.1038,-0.7017,-1.3511,-3.7023,1.0992
15.097,0.6914,0.1018,-0.7012,-1.7557,-4.0992,0.771
15.117,0.6965,0.1001,-0.7029,-1.8244,-4.0382,1.0687
15.137,0.6956,0.0996,-0.7,-1.771,-3.5649,1.0763
15.157,0.6926,0.0962,-0.6929,-1.6031,-3.2977,0.8855
15.177,0.6948,0.0996,-0.7014,-1.2672,-3.5649,0.5038
15.197,0.6887,0.1023,-0.7,-0.6031,-3.8931,0.5802
15.217,0.6992,0.1072,-0.6929,-0.626,-4.7557,1.3511
15.237,0.6938,0.1077,-0.7002,-1.0,-4.2443,1.0687
15.257,0.6956,0.0972,-0.6985,-1.9771,-3.3511,0.687
15.277,0.6956,0.0989,-0.6926,-2.0534,-2.374,0.0076
15.297,0.6948,0.1013,-0.7029,-1.9924,-2.7634,0.8397
15.318,0.6934,0.1033,-0.7046,-1.626,-3.8168,1.1298
15.337,0.698,0.0979,-0.7007,-1.771,-4.8015,1.4885
15.357,0.6992,0.0972,-0.6997,-1.4351,-4.3435,0.8015
15.377,0.699,0.103,-0.699,-1.0076,-3.1985,0.5038
15.397,0.6914,0.1021,-0.7,-0.771,-2.6641,0.6489
15.417,0.6895,0.1094,-0.698,-1.1374,-3.0534,0.3359
15.437,0.6919,0.104,-0.6992,-1.8931,-4.2366,1.0611
15.457,0.6948,0.1003,-0.6953,-1.6718,-4.6031,0.7939
15.477,0.6968,0.1038,-0.7014,-1.3511,-4.5038,1.5267
15.497,0.696,0.103,-0.7004,-0.8931,-3.7023,0.9237
15.517,0.697,0.0991,-0.6958,-1.5115,-3.2214,0.9389
15.537,0.698,0.1028,-0.7007,-2.0458,-2.7252,0.229
15.557,0.696,0.0991,-0.6943,-1.8855,-3.1221,0.4351
15.577,0.6934,0.1021,-0.6992,-1.0916,-3.2061,0.5725
15.597,0.6924,0.106,-0.698,-0.9618,-4.2595,1.5573
15.617,0.6958,0.1001,-0.7017,-1.2977,-4.2748,0.9924
15.637,0.6975,0.1016,-0.7065,-2.0229,-4.1069,0.9924
15.657,0.6965,0.1038,-0.6968,-1.6565,-2.9084,0.2061
15.677,0.6936,0.1008,-0.6926,-1.4198,-3.0992,0.8931
15.697,0.6914,0.103,-0.6973,-1.0076,-3.6794,0.7023
15.717,0.6975,0.0974,-0.698,-1.6107,-4.6336,1.2901
15.737,0.6985,0.0989,-0.6912,-1.6947,-4.4656,0.8244
15.757,0.6963,0.1028,-0.7007,-1.2214,-3.3511,0.4046
15.777,0.699,0.1079,-0.6958,-0.7634,-2.5496,0.4656
15.797,0.6902,0.1052,-0.6956,-0.8779,-2.7557,0.4962
15.817,0.6921,0.1052,-0.7,-1.7557,-4.3588,1.3206
15.837,0.6924,0.0991,-0.7009,-2.2443,-4.9542,1.1603
15.857,0.7026,0.1016,-0.6973,-2.1298,-4.7176,1.3282
15.877,0.6982,0.0994,-0.6997,-1.3435,-3.4427,0.9695
15.897,0.696,0.1028,-0.6953,-0.9466,-2.4198,0.5115
15.917,0.6919,0.1047,-0.6946,-1.2824,-2.2443,0.1908
15.937,0.6897,0.1052,-0.7012,-1.4351,-3.3053,0.4809
15.958,0.6956,0.1082,-0.7026,-1.1069,-4.2519,0.8779
15.977,0.6941,0.1025,-0.7026,-1.1679,-5.1985,1.916
15.997,0.6987,0.1011,-0.6909,-1.5802,-4.8779,1.313
16.017,0.7014,0.0977,-0.6956,-2.1603,-3.9466,1.1145
16.037,0.6997,0.0969,-0.6914,-1.7634,-2.5191,-0.1069
16.057,0.6938,0.1008,-0.7007,-1.1145,-2.3435,0.3893
16.077,0.6877,0.103,-0.6987,-0.5649,-2.9466,0.4046
16.097,0.6943,0.1045,-0.7009,-1.0611,-4.2443,1.3282
16.117,0.6941,0.1086,-0.7043,-1.6718,-4.5267,1.0229
16.137,0.7007,0.1018,-0.7048,-2.145,-4.5038,1.2748
16.157,0.6936,0.1035,-0.6997,-1.8626,-3.5267,0.8244
16.177,0.6985,0.0984,-0.6985,-1.626,-3.2214,1.0534
16.197,0.6965,0.0972,-0.7,-1.2366,-3.0305,0.3282
16.217,0.6885,0.1023,-0.6985,-1.2977,-3.5267,0.6641
16.237,0.6943,0.1008,-0.7075,-1.0611,-3.7176,0.7328
16.257,0.6946,0.1023,-0.7065,-0.9008,-3.6641,0.8092
16.277,0.6965,0.1021,-0.6958,-1.3206,-3.9695,1.4351
16.297,0.6956,0.1018,-0.696,-1.8702,-3.771,0.7481
16.317,0.6958,0.0991,-0.6975,-2.4046,-4.1603,0.9847
16.337,0.698,0.0969,-0.6899,-1.5344,-3.8931,0.5878
16.357,0.6995,0.0974,-0.7024,-1.0687,-3.9389,1.2824
16.377,0.6941,0.1042,-0.6919,-0.4122,-3.2748,0.4885
16.397,0.696,0.1052,-0.7012,-1.2366,-3.1756,0.8931
16.417,0.6899,0.1108,-0.6987,-1.5191,-2.9313,0.2824
16.437,0.6914,0.104,-0.6956,-2.0763,-3.626,1.0076
16.457,0.6965,0.0999,-0.7031,-2.1221,-4.2901,1.1679
16.477,0.6985,0.0986,-0.6963,-1.7634,-4.6183,0.9924
16.497,0.699,0.0979,-0.7004,-1.5267,-4.3435,1.2824
16.517,0.697,0.0981,-0.689,-0.7023,-2.9924,0.084
16.537,0.6975,0.1079,-0.7048,-0.9313,-2.4122,0.3969
16.557,0.6897,0.1067,-0.6975,-0.5649,-2.2137,-0.2214
16.577,0.6931,0.1055,-0.698,-1.687,-4.0382,1.6641
16.598,0.6929,0.1052,-0.6875,-2.2137,-4.8244,1.0687
16.617,0.6985,0.1001,-0.7009,-2.4885,-5.4809,1.8397
16.637,0.7026,0.1021,-0.7009,-1.458,-4.2061,1.084
16.657,0.7014,0.1021,-0.6941,-1.3893,-3.4733,1.3359
16.677,0.698,0.1003,-0.6963,-1.2366,-2.313,-0.2519
16.697,0.6914,0.1003,-0.6914,-1.3282,-2.4198,-0.1374
16.717,0.6897,0.1003,-0.6953,-0.8473,-3.3817,0.542
16.737,0.6931,0.1074,-0.6951,-0.6107,-4.145,1.0229
16.757,0.6951,0.1072,-0.6965,-1.3359,-4.7405,1.6489
16.777,0.6956,0.0999,-0.6997,-2.1679,-4.5038,1.2672
16.797,0.699,0.0974,-0.6948,-2.7252,-4.0992,1.1908
16.817,0.7007,0.0989,-0.6946,-1.8931,-3.5802,0.5878
16.837,0.7012,0.0994,-0.6907,-1.0305,-3.3969,0.7176
16.857,0.6941,0.1025,-0.6943,-0.3817,-2.9237,0.4962
16.877,0.6963,0.1064,-0.7031,-0.7481,-2.9237,0.6489
16.897,0.6914,0.1064,-0.7012,-1.313,-2.7939,0.2672
16.917,0.6873,0.1016,-0.6992,-2.1985,-3.6641,1.0153
16.937,0.6941,0.1023,-0.697,-2.0992,-4.3511,1.2214
16.957,0.6965,0.0979,-0.6965,-2.1069,-5.2901,1.9008
16.977,0.7019,0.0981,-0.697,-1.6641,-4.8702,1.1527
16.997,0.7002,0.0967,-0.699,-1.2443,-3.8397,0.8931
17.017,0.7024,0.0979,-0.6982,-0.5038,-2.2519,-0.1679
17.037,0.6912,0.104,-0.7031,-0.9389,-1.7023,0.1603
17.057,0.686,0.1047,-0.698,-1.2519,-2.3053,-0.1832
17.077,0.6873,0.1062,-0.6982,-1.9466,-4.229,0.9847
17.097,0.6909,0.1023,-0.6948,-1.458,-5.5878,1.4427
17.117,0.7012,0.1055,-0.6948,-1.1069,-5.5267,1.8779
17.137,0.7012,0.1016,-0.7,-1.2748,-3.7634,1.2061
17.157,0.6958,0.1033,-0.6958,-1.9008,-2.2672,0.5038
17.177,0.6912,0.1001,-0.7024,-2.4809,-2.3511,0.3817
17.197,0.6907,0.1001,-0.6909,-2.1298,-2.9618,0.1221
17.217,0.6963,0.1003,-0.7075,-1.5878,-4.9237,1.8321
17.238,0.7029,0.0996,-0.6924,-0.3893,-4.771,0.8168
17.257,0.7029,0.1008,-0.7056,-0.8168,-4.2061,1.458
17.277,0.696,0.1069,-0.7036,-0.7939,-2.4962,-0.3435
17.297,0.6907,0.104,-0.698,-1.9695,-2.9313,1.084
17.317,0.6919,0.1021,-0.7004,-1.8779,-3.4885,-0.0305
17.337,0.6929,0.1038,-0.6965,-1.687,-4.7634,1.4427
17.357,0.6975,0.1003,-0.6958,-0.626,-4.6107,1.1756
17.377,0.6995,0.1033,-0.6956,-0.7252,-4.0458,1.1527
17.397,0.6982,0.1021,-0.6946,-1.1756,-3.1374,0.3435
17.417,0.699,0.1028,-0.7039,-1.8168,-2.8015,0.6565
17.437,0.6943,0.1008,-0.7048,-2.4733,-3.2595,1.1679
17.457,0.6982,0.1003,-0.6982,-2.771,-3.9313,1.0687
17.477,0.6975,0.0955,-0.6975,-1.8321,-3.7405,0.3053
17.497,0.6914,0.0996,-0.697,-0.1832,-3.0763,0.2901
17.517,0.6917,0.1069,-0.7021,0.5802,-3.1527,1.145
17.537,0.6929,0.1121,-0.698,-0.8168,-3.916,1.1756
17.557,0.7004,0.106,-0.6941,-3.1069,-5.313,1.3588
17.577,0.7041,0.0925,-0.7,-3.3053,-5.2366,1.0076
17.597,0.708,0.0923,-0.6951,-1.8855,-4.2595,1.0687
17.617,0.698,0.0986,-0.6909,-0.1069,-2.4275,-0.0687
17.637,0.6929,0.1072,-0.6958,0.5802,-1.3817,-0.5649
17.657,0.6824,0.1089,-0.7036,-0.1374,-2.0458,0.0458
17.677,0.6851,0.1106,-0.698,-1.542,-3.6107,0.9618
17.697,0.6938,0.1023,-0.7004,-3.0763,-5.5878,2.0
17.717,0.6992,0.0989,-0.6941,-3.5038,-6.4504,2.4733
17.737,0.7092,0.0891,-0.6946,-2.8397,-5.2748,1.8855
17.757,0.7107,0.0908,-0.6943,-1.5267,-3.1985,0.4122
17.777,0.6941,0.0969,-0.6931,-0.0916,-0.9008,-0.9466
17.797,0.6836,0.1106,-0.7078,0.8473,-0.1374,-1.1603
17.817,0.6775,0.1155,-0.7012,0.4198,-1.7481,-0.3053
17.837,0.6775,0.113,-0.6987,-1.1069,-4.8244,1.4962
17.857,0.6926,0.1008,-0.7026,-3.0534,-7.4122,3.0153
17.878,0.7009,0.094,-0.6921,-3.5573,-7.2748,2.6489
17.897,0.7146,0.0869,-0.6965,-3.0992,-5.3969,2.0534
17.917,0.7097,0.0884,-0.6865,-1.3511,-2.1069,0.0153
17.937,0.7034,0.093,-0.7002,-0.687,-0.9771,-0.4046
17.957,0.6917,0.1018,-0.6936,-0.0687,-0.7939,-1.0763
17.977,0.6836,0.1052,-0.7012,-0.4809,-2.3359,-0.0458
17.997,0.6848,0.1096,-0.6968,-0.6031,-3.7786,0.1679
18.017,0.6833,0.1082,-0.7095,-1.3664,-5.2519,1.771
18.037,0.6958,0.1047,-0.7002,-2.0992,-5.5649,1.9389
18.057,0.7004,0.1013,-0.6978,-2.6336,-5.2061,1.7557
18.077,0.7029,0.1018,-0.6982,-2.1527,-3.9847,0.855
18.097,0.7014,0.0991,-0.6948,-1.3282,-3.3893,1.0763
18.117,0.7017,0.1003,-0.696,-0.687,-2.7328,0.5573
18.137,0.6948,0.1042,-0.7002,-0.8015,-2.2748,0.3817
18.157,0.6934,0.1028,-0.7051,-1.4733,-2.6336,0.626
18.177,0.6897,0.1042,-0.6951,-1.9542,-3.3359,0.6183
18.197,0.6914,0.0981,-0.6951,-2.8168,-5.1603,1.8015
18.217,0.699,0.0967,-0.6873,-1.7481,-4.855,0.7863
18.237,0.7031,0.0979,-0.7012,-0.9618,-4.3282,1.542
18.257,0.697,0.1011,-0.6924,0.2519,-2.5038,-0.145
18.277,0.6931,0.1074,-0.697,-0.7481,-2.8092,0.7481
18.297,0.6892,0.1101,-0.6968,-1.3435,-3.2977,0.1603
18.317,0.6919,0.1001,-0.6987,-2.6412,-5.0458,1.7481
18.337,0.699,0.0972,-0.697,-2.1832,-4.3893,0.8473
18.357,0.6997,0.0962,-0.6897,-1.771,-3.626,1.0992
18.377,0.6965,0.0991,-0.7004,-0.5344,-2.1145,0.2366
18.397,0.6892,0.1091,-0.6953,-0.5802,-2.1527,0.5649
18.417,0.6875,0.1082,-0.7004,-1.3511,-3.2901,0.8855
18.437,0.6951,0.1045,-0.7043,-2.5496,-4.9237,1.3359
18.457,0.6963,0.1023,-0.6946,-2.9237,-5.5878,2.0153
18.477,0.7043,0.094,-0.6921,-2.0229,-4.7863,1.6107
18.497,0.7078,0.0972,-0.7017,-0.8473,-3.2748,0.458
18.518,0.6919,0.1018,-0.6919,0.2214,-1.6107,-0.6336
18.537,0.6924,0.1018,-0.7009,-0.1527,-2.5802,0.5038
18.557,0.6863,0.1067,-0.6958,-0.6718,-3.5725,0.9847
18.577,0.6941,0.1055,-0.696,-1.916,-5.458,1.6718
18.597,0.7029,0.1033,-0.6985,-3.1985,-5.626,1.9237
18.617,0.7004,0.0916,-0.6982,-3.3817,-4.7099,1.2519
18.637,0.7024,0.0923,-0.7009,-2.1069,-2.8168,-0.0305
18.657,0.6992,0.0979,-0.6951,0.1985,-1.3435,-0.6718
18.677,0.6829,0.104,-0.6965,1.7328,-1.0229,-0.5725
18.697,0.6841,0.1145,-0.7024,0.5115,-3.2672,1.084
18.717,0.6841,0.1116,-0.6946,-1.7405,-5.145,1.0458
18.737,0.7024,0.103,-0.699,-4.145,-6.8015,3.0076
18.757,0.7056,0.0938,-0.6877,-3.9008,-5.6489,1.6565
18.777,0.71,0.0874,-0.6904,-2.8931,-3.855,1.5038
18.797,0.7012,0.0938,-0.6931,-0.4046,-1.5954,-0.5802
18.817,0.6985,0.0981,-0.7019,0.5649,-1.2977,0.0
18.837,0.6882,0.1091,-0.7043,0.7939,-1.6565,-0.4656
18.857,0.6885,0.1128,-0.6963,-0.855,-3.4198,0.8015
18.877,0.6858,0.114,-0.7019,-2.3588,-5.0458,1.3359
18.897,0.6995,0.0996,-0.6958,-3.8855,-6.1679,2.3053
18.917,0.707,0.0928,-0.698,-3.6031,-5.8473,1.7481
18.937,0.7068,0.0911,-0.6873,-1.5954,-4.0382,0.7023
18.957,0.7034,0.093,-0.7012,0.2748,-2.3206,0.1832
18.977,0.6929,0.1016,-0.6912,1.6031,-0.8931,-1.0458
18.997,0.6875,0.1125,-0.7043,0.2519,-1.9389,0.4427
19.017,0.6848,0.1094,-0.6995,-1.9084,-3.8779,0.7176
19.037,0.6934,0.1057,-0.6958,-4.1374,-5.5649,1.9084
19.057,0.7021,0.0959,-0.6968,-3.855,-5.7786,1.8015
19.077,0.708,0.0896,-0.7009,-2.2901,-4.6031,1.374
19.097,0.7019,0.092,-0.6997,-0.1756,-2.6336,0.3664
19.117,0.6943,0.1064,-0.6941,0.5573,-1.5115,-0.2672
19.137,0.6865,0.1123,-0.6978,0.0076,-1.855,-0.2137
19.158,0.686,0.1067,-0.699,-1.3588,-3.7939,0.8244
19.177,0.6938,0.1084,-0.6946,-2.6641,-5.687,1.7863
19.197,0.7002,0.1006,-0.7012,-2.8779,-6.2519,1.916
19.217,0.7065,0.094,-0.7043,-2.2901,-4.7939,1.4275
19.237,0.7012,0.0955,-0.6941,-1.0458,-2.4122,0.4733
19.257,0.6938,0.1028,-0.6997,-0.4046,-1.1908,-0.229
19.277,0.6892,0.1067,-0.7031,-0.4885,-1.8092,-0.3817
19.297,0.6843,0.1089,-0.6982,-1.2137,-3.6489,0.6641
19.317,0.6921,0.1047,-0.6921,-1.7023,-5.313,1.626
19.337,0.6997,0.1001,-0.7007,-2.1603,-5.7099,1.771
19.357,0.708,0.0952,-0.7019,-2.3511,-4.6794,1.229
19.377,0.7031,0.0974,-0.6997,-1.5496,-3.0992,0.0305
19.397,0.6975,0.1023,-0.7014,-0.3282,-2.084,0.1221
19.417,0.6904,0.1099,-0.6936,0.1298,-2.0534,0.1069
19.437,0.687,0.1091,-0.7036,-0.8015,-3.3969,0.7786
19.457,0.6938,0.1064,-0.7002,-1.8015,-4.5573,1.0458
19.477,0.6951,0.0991,-0.7021,-2.7252,-5.2061,1.9466
19.497,0.7029,0.094,-0.7009,-2.8855,-4.7328,1.6412
19.517,0.707,0.0935,-0.6968,-2.2672,-3.8168,0.8779
19.537,0.7017,0.0952,-0.6968,-0.855,-2.8092,0.3053
19.557,0.6917,0.1057,-0.6992,-0.2214,-2.2061,0.229
19.577,0.6892,0.1055,-0.7051,-0.2672,-2.5802,0.1298
19.597,0.689,0.1108,-0.7024,-1.0076,-3.6412,0.6794
19.617,0.6953,0.1055,-0.6938,-1.8473,-4.771,1.4427
19.637,0.7,0.0991,-0.6965,-2.3359,-5.1679,1.7023
19.657,0.7004,0.0996,-0.7024,-2.542,-4.855,1.4656
19.677,0.7024,0.0955,-0.6934,-2.084,-3.8626,0.8397
19.697,0.698,0.0984,-0.6946,-0.855,-2.2672,-0.4733
19.717,0.6951,0.1057,-0.7009,0.2061,-1.8321,0.1145
19.737,0.6816,0.1096,-0.7012,0.3664,-1.8473,-0.0229
19.757,0.6838,0.1133,-0.7009,-1.4962,-3.9542,0.9618
19.777,0.6919,0.1067,-0.6953,-2.8702,-6.1832,1.4885
19.798,0.7048,0.0989,-0.7026,-3.0916,-6.7099,2.5496
19.817,0.71,0.0979,-0.6934,-1.7557,-4.5954,1.542
19.837,0.7075,0.0952,-0.6902,-0.8321,-1.855,0.1069
19.857,0.6941,0.1025,-0.6963,-0.5496,-0.9542,-0.687
19.877,0.6819,0.1091,-0.697,-0.7939,-2.2748,0.145
19.897,0.6863,0.1072,-0.6995,-1.3053,-4.1298,1.2672
19.917,0.6936,0.1047,-0.6985,-2.2977,-5.0305,1.6336
19.937,0.6995,0.0994,-0.6919,-2.6489,-4.7328,1.2672
19.957,0.6995,0.0972,-0.6958,-2.2366,-3.8702,0.7252
19.977,0.6997,0.0957,-0.6973,-1.3206,-3.6718,0.7863
19.997,0.6965,0.0991,-0.7009,0.084,-3.145,0.3511
20.017,0.6938,0.1072,-0.697,0.1298,-3.4275,0.8473
20.037,0.6924,0.1074,-0.7048,-0.5802,-3.4275,0.5115
20.057,0.6924,0.1077,-0.7034,-1.8931,-3.9313,0.916
20.077,0.6951,0.0996,-0.7007,-2.6718,-4.313,1.2901
20.097,0.7019,0.0991,-0.6965,-3.0687,-4.3206,1.7176
20.117,0.7031,0.0925,-0.6953,-2.5191,-3.6412,0.9695
20.137,0.697,0.095,-0.6973,-1.2901,-2.4885,0.0229
20.157,0.6919,0.1011,-0.699,-0.0534,-1.855,-0.0382
20.177,0.6873,0.1052,-0.696,-0.0534,-2.3435,0.3511
20.197,0.687,0.1067,-0.7017,-1.2901,-4.5115,1.2137
20.217,0.6892,0.1047,-0.7004,-2.1221,-5.6641,1.2901
20.237,0.7029,0.0947,-0.6951,-2.3588,-6.0382,2.1603
20.257,0.7036,0.0911,-0.6982,-1.0153,-3.9237,0.6412
20.277,0.7002,0.1001,-0.698,-0.7634,-2.3359,0.6107
20.297,0.6938,0.1018,-0.7029,-0.7557,-2.0534,-0.2366
20.317,0.6897,0.1067,-0.7024,-1.2061,-2.9542,0.2977
20.337,0.6914,0.1077,-0.6968,-1.5725,-4.145,1.2824
20.357,0.6982,0.0989,-0.7014,-1.916,-4.6031,1.6718
20.377,0.7002,0.0989,-0.7046,-2.5802,-4.4809,1.6107
20.397,0.7,0.0938,-0.6963,-2.687,-3.9084,0.6794
20.417,0.6978,0.0916,-0.6975,-1.8855,-3.1298,0.4046
20.438,0.6965,0.1006,-0.7004,-0.5954,-2.9008,0.4198
20.457,0.6924,0.1016,-0.6917,0.1527,-2.7863,-0.0305
20.477,0.6907,0.1106,-0.6982,-0.229,-3.6412,0.8321
20.497,0.6897,0.1101,-0.697,-0.8321,-4.084,0.8321
20.517,0.6982,0.1042,-0.696,-2.3817,-4.8473,1.8092
20.537,0.6953,0.1008,-0.6973,-2.6718,-4.3664,0.5954
20.557,0.7004,0.1011,-0.6943,-2.3511,-4.2214,1.4504
20.577,0.7012,0.0964,-0.6995,-1.229,-3.1908,0.7405
20.597,0.6995,0.1001,-0.7078,-1.1832,-3.1374,1.084
20.617,0.6943,0.1001,-0.7034,-1.0076,-2.2977,-0.374
20.637,0.6919,0.1047,-0.7004,-1.2824,-2.7405,0.5038
20.657,0.6895,0.1069,-0.6978,-1.1145,-3.0382,0.5649
20.677,0.6904,0.1055,-0.7017,-1.7481,-4.4275,1.4046
20.697,0.697,0.1006,-0.6919,-2.0153,-5.2824,1.3817
20.717,0.7012,0.0981,-0.6975,-2.1679,-5.374,1.5725
20.737,0.7029,0.0974,-0.6941,-1.4427,-4.1679,1.1069
20.757,0.7021,0.1045,-0.7034,-0.9237,-2.6489,0.3817
20.777,0.6958,0.1057,-0.6968,-0.5573,-1.7405,-0.2672
20.797,0.6895,0.1067,-0.6968,-0.9008,-2.1908,0.1145
20.817,0.689,0.1089,-0.6951,-1.1527,-3.687,0.9389
20.837,0.6902,0.1018,-0.698,-1.9237,-4.9084,1.7023
20.857,0.6978,0.1001,-0.6973,-2.6183,-5.5649,2.0
20.877,0.6997,0.0945,-0.7002,-2.4656,-4.6336,0.9695
20.897,0.7031,0.0974,-0.7019,-1.7328,-3.4122,0.9847
20.917,0.699,0.1006,-0.6968,-0.6794,-2.3282,-0.0611
20.937,0.6921,0.1082,-0.697,-0.5496,-2.4122,0.2137
20.957,0.6865,0.1072,-0.6943,-0.6336,-2.9542,-0.0458
20.977,0.689,0.1069,-0.6973,-1.0916,-4.1374,1.1756
20.997,0.6917,0.0994,-0.6978,-1.6794,-4.7099,1.3969
21.017,0.7,0.1006,-0.6975,-2.3053,-4.9847,1.6031
21.037,0.7039,0.0947,-0.7007,-2.4809,-4.5191,1.5878
21.057,0.6982,0.0957,-0.6895,-1.8855,-3.2137,0.3817
21.078,0.6992,0.0959,-0.6997,-1.1221,-2.9771,0.6641
21.097,0.6895,0.1033,-0.6931,0.1069,-2.084,-0.7557
21.117,0.6921,0.1069,-0.7065,-0.8779,-3.3282,1.7939
21.137,0.6931,0.1086,-0.6978,-0.9847,-3.0382,-0.4122
21.157,0.6953,0.1069,-0.7048,-2.6336,-4.626,1.8626
21.177,0.6946,0.0979,-0.6953,-2.0763,-4.4656,0.7481
21.197,0.7012,0.0962,-0.6975,-2.4046,-5.3664,2.2977
21.217,0.707,0.0952,-0.6953,-1.1908,-4.0916,0.4809
21.237,0.7029,0.1011,-0.6973,-0.9466,-3.1679,0.5878
21.257,0.6943,0.1018,-0.6992,-0.5725,-2.0382,0.0992
21.277,0.6897,0.1082,-0.7029,-0.8168,-1.9695,-0.2443
21.297,0.6914,0.1052,-0.7009,-1.4733,-3.3817,0.7481
21.317,0.6868,0.1057,-0.6873,-1.7786,-4.8244,1.1221
21.337,0.6973,0.103,-0.7004,-2.374,-5.9466,2.3053
21.357,0.7058,0.0942,-0.6934,-1.7786,-4.9084,1.0382
21.377,0.7034,0.0959,-0.7056,-1.6183,-3.6031,0.855
21.397,0.6956,0.0991,-0.6987,-0.6641,-1.7786,-0.2595
21.417,0.6917,0.104,-0.7058,-0.8626,-2.2977,0.4962
21.437,0.6882,0.1091,-0.6995,-0.9771,-3.1145,0.3588
21.457,0.6929,0.1082,-0.6963,-1.9389,-4.6412,1.4046
21.477,0.6975,0.0972,-0.7002,-2.1527,-4.916,1.3511
21.497,0.6975,0.1008,-0.7009,-2.0382,-4.5496,1.2824
21.517,0.698,0.1021,-0.6929,-1.5038,-3.7252,0.9389
21.537,0.6951,0.1006,-0.6929,-1.3588,-3.1298,0.9237
21.557,0.6956,0.1021,-0.6992,-1.1985,-2.8168,0.2214
21.577,0.6938,0.103,-0.6985,-1.2672,-3.2901,0.6183
21.597,0.6904,0.106,-0.6902,-0.7557,-3.4122,0.458
21.617,0.6885,0.1018,-0.699,-1.4351,-4.374,1.7328
21.637,0.6934,0.104,-0.7007,-1.7023,-4.2214,0.8626
21.657,0.6946,0.1021,-0.6953,-2.3053,-4.1679,1.1985
21.677,0.6941,0.0991,-0.697,-1.4198,-3.3435,0.4427
21.697,0.6943,0.0967,-0.6958,-1.3282,-3.1832,1.3206
21.718,0.6936,0.1023,-0.6985,-1.2214,-3.1298,0.6718
21.737,0.6929,0.1003,-0.6956,-1.4962,-3.6718,0.8015
21.757,0.6953,0.0999,-0.7009,-1.8931,-4.4351,1.1298
21.777,0.699,0.0969,-0.6938,-1.7634,-4.8168,1.1069
21.797,0.7036,0.0991,-0.6936,-1.916,-4.6565,1.2443
21.817,0.6956,0.1008,-0.6943,-1.0153,-2.8321,-0.4046
21.837,0.6946,0.1001,-0.6941,-0.9008,-2.1221,0.2214
21.857,0.6865,0.104,-0.6904,-0.3511,-1.7405,-0.8397
21.877,0.687,0.1096,-0.7017,-1.229,-3.6336,0.8931
21.897,0.6851,0.1077,-0.6956,-1.2901,-4.6718,0.5267
21.917,0.696,0.1062,-0.7009,-2.0458,-6.1221,2.3588
21.937,0.6987,0.0994,-0.7012,-1.8244,-5.1832,1.6412
21.957,0.7036,0.1013,-0.7007,-2.3664,-3.3817,1.3053
21.977,0.6982,0.0981,-0.6985,-2.313,-1.6412,-0.0611
21.997,0.6907,0.1006,-0.6968,-1.9313,-1.626,-0.2977
22.017,0.6875,0.0991,-0.6958,-0.7176,-2.8092,0.3511
22.037,0.688,0.1042,-0.698,0.0763,-4.5038,1.3817
22.057,0.6956,0.1067,-0.6992,-0.6412,-5.1145,1.8015
22.077,0.699,0.1025,-0.698,-2.1374,-4.5267,1.3511
22.097,0.7002,0.1038,-0.6938,-3.1527,-3.542,0.6336
22.117,0.6997,0.0957,-0.7007,-2.6183,-3.5115,0.9084
22.137,0.6978,0.0942,-0.6904,-1.0534,-4.0305,0.626
22.157,0.6973,0.0952,-0.7012,-0.0916,-4.3511,0.9542
22.177,0.6958,0.1033,-0.6885,0.1985,-3.5038,0.3206
22.197,0.6975,0.1135,-0.7002,-0.5878,-2.8015,0.3893
22.217,0.6907,0.1072,-0.6929,-1.2137,-1.9847,-0.3511
22.237,0.6863,0.1096,-0.7024,-2.1603,-2.771,1.1145
22.257,0.6926,0.106,-0.6995,-2.5954,-4.3053,1.4504
22.277,0.6941,0.0991,-0.6941,-2.8855,-5.5573,2.0153
22.297,0.7014,0.0979,-0.7002,-2.0229,-5.4885,1.4656
22.317,0.7021,0.0981,-0.6924,-0.626,-3.6947,0.8855
22.337,0.7,0.1021,-0.7029,-0.3435,-2.1679,0.6031
22.358,0.6929,0.1035,-0.6978,-0.3359,-1.4198,-0.6794
22.377,0.688,0.1062,-0.7,-1.458,-2.7863,0.6412
22.397,0.6882,0.1057,-0.6968,-1.8855,-4.4122,1.0076
22.417,0.6953,0.0989,-0.7046,-2.5115,-5.9313,2.1527
22.437,0.7051,0.0933,-0.6995,-1.7786,-5.4733,1.1145
22.457,0.7056,0.0942,-0.7009,-1.5267,-4.374,1.4122
22.477,0.7012,0.0964,-0.696,-0.7481,-2.6336,0.0458
22.497,0.6924,0.1016,-0.6995,-0.9695,-1.5802,-0.1603
22.517,0.6873,0.1055,-0.6907,-0.9389,-1.6641,-0.1985
22.537,0.6821,0.1084,-0.697,-1.2748,-2.9084,0.4885
22.557,0.6882,0.1104,-0.699,-2.0992,-4.9313,1.6412
22.577,0.6982,0.0996,-0.7017,-2.3053,-5.8015,1.6718
22.597,0.7039,0.094,-0.6904,-2.3588,-5.4656,2.0076
22.617,0.7046,0.0979,-0.6921,-1.7557,-3.4275,0.7557
22.637,0.7061,0.0974,-0.7031,-1.1298,-2.2824,0.1756
22.657,0.6946,0.1025,-0.6919,-0.4198,-1.6794,-0.4962
22.677,0.6892,0.1052,-0.6936,-0.3053,-2.8397,0.3969
22.697,0.6865,0.1067,-0.7021,-0.8626,-4.2824,1.2672
22.717,0.6978,0.1079,-0.6951,-2.1527,-5.1908,1.771
22.737,0.6978,0.0986,-0.6926,-2.7176,-4.8092,1.1908
22.757,0.7021,0.0991,-0.696,-2.3893,-3.8779,1.0916
22.777,0.7002,0.1011,-0.6895,-1.4504,-3.1374,0.6947
22.797,0.6958,0.0991,-0.6958,-0.8397,-3.0,0.5878
22.817,0.6975,0.1028,-0.6931,-0.771,-3.0382,0.3817
22.837,0.6936,0.106,-0.7007,-1.0153,-3.2519,0.5496
22.857,0.6907,0.1038,-0.7046,-1.3206,-3.5954,0.626
22.877,0.6904,0.1023,-0.6958,-1.9618,-4.0687,1.1679
22.897,0.6941,0.103,-0.6975,-2.084,-4.6641,1.2366
22.917,0.6997,0.1006,-0.6895,-1.7405,-4.4198,1.0076
22.937,0.7036,0.1001,-0.7019,-1.1069,-4.0611,1.0382
22.957,0.6951,0.103,-0.6921,-0.458,-3.0611,0.4733
22.977,0.6921,0.104,-0.7002,-1.0153,-2.8321,0.6412
22.998,0.6943,0.1016,-0.7,-1.5115,-2.9847,0.374
23.017,0.6914,0.1028,-0.7017,-2.2977,-3.9313,1.0229
23.037,0.6936,0.0977,-0.6997,-2.0305,-4.3969,1.1908
23.057,0.6973,0.1025,-0.6929,-1.4733,-4.1679,1.2748
23.077,0.7,0.1035,-0.7007,-1.3053,-3.4275,1.0534
23.097,0.6963,0.1052,-0.697,-1.229,-3.0763,0.3359
23.117,0.6965,0.1013,-0.7,-1.4885,-3.3817,0.6336
23.137,0.6926,0.103,-0.7017,-1.3206,-3.7557,0.6183
23.157,0.6968,0.1045,-0.696,-1.4962,-4.1985,1.145
23.177,0.6934,0.1055,-0.7029,-1.1374,-3.8626,0.5878
23.197,0.699,0.1057,-0.7017,-1.2214,-3.7099,0.9466
23.217,0.6943,0.1028,-0.6968,-1.1603,-3.0,0.2824
23.237,0.6938,0.1033,-0.6941,-1.6565,-3.374,0.8092
23.257,0.6924,0.1025,-0.6931,-1.5725,-3.5496,0.8092
23.277,0.6975,0.1038,-0.7029,-1.9695,-4.2519,1.3053
23.297,0.6978,0.1035,-0.7002,-1.687,-3.9313,1.0611
23.317,0.7012,0.0969,-0.6985,-1.8626,-3.8397,1.2748
23.337,0.696,0.0981,-0.6946,-1.2901,-3.3053,0.0687
23.357,0.6963,0.1018,-0.7021,-1.0458,-4.2443,0.8626
23.377,0.6963,0.1038,-0.6953,0.145,-3.9542,0.4733
23.397,0.7021,0.106,-0.6995,-0.6183,-3.8092,1.8397
23.417,0.6904,0.1035,-0.6985,-1.7176,-1.9695,0.2901
23.437,0.6917,0.1052,-0.696,-3.6031,-2.1756,0.5115
23.457,0.6877,0.1045,-0.6936,-3.3206,-3.6794,0.2214
23.477,0.6943,0.0986,-0.7004,-2.1221,-5.6107,1.9466
23.497,0.7009,0.0928,-0.6992,-0.2901,-5.6947,1.7939
23.517,0.7002,0.0969,-0.6929,0.2443,-3.7252,0.6641
23.537,0.6951,0.1038,-0.7058,-0.4656,-1.6336,-0.2137
23.557,0.6843,0.1108,-0.6958,-1.313,-1.0153,-0.9695
23.577,0.6885,0.1089,-0.7048,-2.1527,-3.7786,1.0
23.597,0.6921,0.1018,-0.6992,-1.7557,-6.0763,1.8015
23.617,0.7078,0.0979,-0.6956,-1.7863,-6.916,2.6107
23.638,0.707,0.0984,-0.696,-1.5191,-4.3435,1.0916
23.657,0.6956,0.1028,-0.699,-1.5191,-1.6794,-0.0153
23.677,0.6902,0.1035,-0.7004,-1.374,-0.2748,-0.5725
23.697,0.687,0.1077,-0.6929,-1.6336,-1.7557,0.4046
23.717,0.6907,0.104,-0.7,-1.9389,-4.5038,1.2672
23.737,0.6958,0.0984,-0.6975,-1.9695,-6.1908,1.8015
23.757,0.7004,0.1001,-0.6929,-0.9084,-5.7176,1.2672
23.777,0.7029,0.0994,-0.6956,-0.3817,-4.1679,1.5038
23.797,0.6943,0.1006,-0.6941,-0.6641,-2.3435,0.0611
23.817,0.6921,0.1057,-0.7039,-1.7405,-2.1679,-0.1832
23.837,0.6897,0.1084,-0.688,-1.6107,-2.9084,-0.1069
23.857,0.6919,0.1011,-0.6987,-1.7023,-4.7481,1.9313
23.877,0.6965,0.0989,-0.6997,-1.2748,-4.9237,1.4122
23.897,0.6997,0.1016,-0.6946,-1.7863,-4.1069,1.1832
23.917,0.6963,0.1006,-0.6951,-1.7863,-2.6412,0.5038
23.937,0.6953,0.1023,-0.699,-1.7939,-2.1756,0.2901
23.957,0.6926,0.1028,-0.6914,-1.5191,-3.0916,0.7023
23.977,0.6931,0.1006,-0.698,-1.2137,-4.2443,0.9008
23.997,0.696,0.0984,-0.6963,-1.1985,-5.2061,1.4198
24.017,0.7009,0.0994,-0.7002,-0.9924,-4.6336,0.8702
24.037,0.7007,0.1021,-0.6992,-1.1221,-3.6336,0.9466
24.057,0.6931,0.1057,-0.6948,-0.9008,-2.458,0.2443
24.077,0.6934,0.1069,-0.7007,-1.5954,-2.8321,0.9084
24.097,0.6934,0.1074,-0.6948,-1.9313,-3.4351,0.313
24.117,0.6931,0.1003,-0.7026,-2.1679,-4.7252,1.8168
24.137,0.6941,0.103,-0.6892,-1.458,-4.542,0.8779
24.157,0.7031,0.0984,-0.7036,-1.7634,-4.687,1.8855
24.177,0.6985,0.0979,-0.6907,-0.916,-3.084,-0.0611
24.197,0.6953,0.1047,-0.7056,-1.5573,-2.7481,0.9695
24.217,0.6917,0.1084,-0.6968,-1.084,-1.855,-0.6412
24.237,0.6882,0.1055,-0.7021,-1.542,-3.1221,0.8397
24.257,0.6882,0.1072,-0.6958,-1.4504,-4.0687,0.7023
24.278,0.6909,0.1067,-0.6973,-1.3359,-5.145,1.5191
24.297,0.7019,0.0999,-0.6941,-1.542,-5.2443,1.8244
24.317,0.7024,0.1021,-0.6975,-1.7328,-4.5115,0.9695
24.337,0.6985,0.1013,-0.6982,-1.7405,-3.2214,0.626
24.357,0.6953,0.0994,-0.6912,-1.3359,-1.9542,-0.0305
24.377,0.6926,0.103,-0.697,-1.2366,-2.2748,0.2214
24.397,0.6868,0.1101,-0.7021,-1.229,-3.1603,0.4046
24.417,0.6892,0.106,-0.699,-1.5878,-4.6412,1.5725
24.437,0.6938,0.1008,-0.6914,-1.5267,-4.7939,1.0763
24.457,0.7014,0.0967,-0.7078,-1.771,-4.3817,1.3282
24.477,0.6997,0.0996,-0.6943,-1.3817,-3.2977,0.2824
24.497,0.6934,0.1001,-0.6987,-1.2748,-3.4733,0.8244
24.517,0.6943,0.1047,-0.6995,-0.8168,-3.7252,0.4733
24.537,0.6973,0.1057,-0.6978,-1.1756,-4.4504,1.3511
24.557,0.7024,0.104,-0.6973,-1.1985,-3.855,0.7023
24.577,0.6951,0.1055,-0.7024,-1.8473,-3.229,1.0458
24.597,0.6921,0.1021,-0.699,-2.1298,-2.3664,0.3435
24.617,0.6936,0.1067,-0.6941,-2.1679,-3.0534,0.7405
24.637,0.6917,0.0989,-0.6975,-1.9389,-4.2061,1.1832
24.657,0.698,0.0984,-0.6956,-1.3435,-4.7939,1.2214
24.677,0.6985,0.1006,-0.7017,-1.0229,-4.5344,1.1527
24.697,0.698,0.0996,-0.7058,-0.5038,-3.3511,0.4275
24.717,0.6941,0.1055,-0.7004,-0.9237,-2.5496,0.374
24.737,0.6887,0.1064,-0.6992,-1.1908,-2.4275,-0.084
24.757,0.6917,0.1055,-0.7007,-1.8855,-4.0763,1.0763
24.777,0.6943,0.1018,-0.6985,-1.4427,-5.3206,1.4122
24.797,0.7021,0.1006,-0.6921,-1.4427,-5.5725,2.2366
24.817,0.7004,0.0994,-0.6968,-1.4046,-3.8244,0.916
24.837,0.7002,0.1033,-0.6946,-2.1374,-2.4656,0.374
24.857,0.697,0.1035,-0.7002,-1.8168,-1.7328,-0.4733
24.877,0.6882,0.1038,-0.7012,-1.229,-2.5573,0.5344
24.897,0.6899,0.1025,-0.6995,-0.8168,-3.7023,1.3511
24.918,0.6919,0.1028,-0.6992,-1.4427,-4.5115,1.2977
24.937,0.6963,0.1028,-0.7053,-2.3206,-4.7328,1.145
24.957,0.7026,0.1028,-0.6929,-2.0382,-4.4809,0.855
24.977,0.696,0.0979,-0.6987,-1.2672,-3.9237,1.1908
24.997,0.6934,0.1069,-0.6951,-0.3206,-3.0305,0.1756
25.017,0.6958,0.1038,-0.6982,-0.5649,-3.0076,0.6718
25.037,0.688,0.1094,-0.7014,-0.9466,-3.229,0.5115
25.057,0.6921,0.1028,-0.7041,-1.9389,-4.2443,1.2595
25.077,0.6943,0.1028,-0.7036,-2.3893,-4.1298,0.9847
25.097,0.6948,0.0999,-0.697,-2.0687,-3.9924,1.1221
25.117,0.7004,0.0996,-0.6987,-1.4809,-3.4122,0.8779
25.137,0.699,0.0996,-0.6992,-1.7405,-3.5496,0.9924
25.157,0.6958,0.1042,-0.6997,-1.1679,-3.4275,0.1527
25.177,0.6992,0.0994,-0.6956,-1.084,-3.7405,0.9618
25.197,0.6909,0.1045,-0.7012,-0.7252,-3.1908,0.5573
25.217,0.6956,0.1045,-0.6948,-1.6947,-3.4656,1.2214
25.237,0.6902,0.1067,-0.7009,-2.2137,-3.3893,0.3664
25.257,0.6973,0.1018,-0.6968,-2.2366,-3.7023,0.8015
25.277,0.6941,0.1011,-0.6912,-1.374,-3.855,0.8092
25.297,0.6973,0.1006,-0.6946,-0.6565,-4.5496,1.313
25.317,0.7014,0.1057,-0.6953,-0.5038,-4.2595,1.0153
25.337,0.7017,0.1047,-0.7043,-1.0611,-3.1145,0.8015
25.357,0.6926,0.1035,-0.7014,-1.855,-2.1832,0.4427
25.377,0.6895,0.1047,-0.6895,-2.2214,-2.458,0.0305
25.397,0.696,0.0979,-0.699,-2.2672,-4.9008,1.3511
25.417,0.6963,0.0989,-0.687,-1.1679,-5.855,1.3664
25.437,0.7065,0.1028,-0.7017,-0.6947,-5.4351,2.0611
25.457,0.7058,0.1023,-0.6953,-0.1908,-2.5725,0.0992
25.477,0.6958,0.1042,-0.7026,-1.7481,-1.2137,0.1221
25.497,0.6873,0.1072,-0.7031,-2.2977,-1.2595,-0.5802
25.517,0.6863,0.1021,-0.6946,-2.8015,-3.7176,1.1908
25.537,0.6912,0.0989,-0.696,-1.8244,-5.7023,1.4885
25.558,0.7034,0.0984,-0.7007,-1.4351,-6.4122,2.3359
25.577,0.7026,0.1006,-0.6929,-0.5496,-4.4122,0.6412
25.597,0.7021,0.1025,-0.7031,-0.374,-2.3664,0.2137
25.617,0.6904,0.1106,-0.6953,-0.1756,-0.9542,-0.9924
25.637,0.6846,0.1072,-0.696,-1.2901,-2.6565,1.0229
25.657,0.689,0.1062,-0.6946,-2.1069,-4.6718,1.2977
25.677,0.7009,0.0994,-0.7002,-3.4427,-6.3206,2.542
25.697,0.7075,0.0933,-0.6953,-2.9542,-5.6794,1.5496
25.717,0.7102,0.0901,-0.6892,-1.626,-3.5191,0.8779
25.737,0.7036,0.0972,-0.7019,-0.3511,-1.4504,-0.3893
25.757,0.6843,0.1113,-0.6946,0.5267,-0.5878,-0.8779
25.777,0.6833,0.1165,-0.696,-0.3588,-2.0458,0.2519
25.797,0.6865,0.1047,-0.7,-1.4809,-4.145,0.9771
25.817,0.6907,0.105,-0.7029,-2.6107,-6.0,1.9771
25.837,0.7,0.0969,-0.6946,-2.7939,-6.4809,2.1145
25.857,0.7075,0.0942,-0.6926,-2.4427,-5.6565,1.9008
25.877,0.7058,0.0984,-0.6987,-1.2137,-3.3206,0.4504
25.897,0.6987,0.1018,-0.6943,-0.2061,-1.4046,-0.3053
25.917,0.6936,0.1072,-0.6963,-0.1908,-1.1985,-0.5038
25.937,0.688,0.1096,-0.6992,-1.7252,-2.9084,0.7481
25.957,0.6868,0.1062,-0.6987,-2.5191,-3.8473,0.1756
25.977,0.6958,0.1035,-0.7031,-1.9084,-4.0763,0.2901
25.997,0.6921,0.1033,-0.6975,-0.7786,-3.7557,1.6031
26.017,0.6931,0.105,-0.7019,-1.2366,-4.6565,2.2748
26.037,0.6978,0.0986,-0.6948,-2.7939,-5.3511,1.1145
26.057,0.7104,0.0959,-0.7009,-3.1374,-5.2443,1.2061
26.077,0.7065,0.0906,-0.6904,-1.8244,-3.8244,0.7786
26.097,0.6987,0.0974,-0.6997,-0.5802,-1.8092,-0.1985
26.117,0.6892,0.1035,-0.6951,-0.3435,-1.5267,-0.9542
26.137,0.6836,0.1125,-0.698,0.3053,-2.2672,-1.0992
26.157,0.6843,0.1133,-0.7031,0.229,-3.9313,1.0458
26.177,0.6887,0.1101,-0.7004,-0.8397,-5.7405,1.9924
26.198,0.6985,0.1099,-0.6978,-3.313,-6.7023,2.4885
26.217,0.707,0.0977,-0.6953,-4.3893,-5.8092,1.7252
26.237,0.7148,0.093,-0.6938,-3.5496,-3.2519,1.0076
26.257,0.7051,0.0974,-0.6943,-1.7405,-1.1221,-0.1145
26.277,0.6885,0.1003,-0.7004,0.145,-0.2748,-1.0763
26.297,0.6799,0.1101,-0.6982,0.9237,-1.2595,-0.5191
26.317,0.6797,0.116,-0.7021,-0.1603,-3.9771,0.8855
26.337,0.6838,0.1125,-0.6968,-2.3893,-6.3588,1.9847
26.357,0.7014,0.1013,-0.7043,-4.0153,-7.4198,2.2824
26.377,0.709,0.095,-0.6975,-3.2214,-6.2061,1.4504
26.397,0.7063,0.0957,-0.6909,-1.0763,-3.5115,0.4733
26.417,0.7063,0.0986,-0.7041,0.7176,-1.5725,-0.4046
26.437,0.6912,0.1094,-0.6975,1.3664,-0.7405,-1.1221
26.457,0.687,0.1172,-0.7073,-0.5115,-2.1756,0.4198
26.477,0.6814,0.113,-0.6951,-2.4198,-3.7786,0.687
26.497,0.6919,0.1033,-0.7009,-4.2824,-5.9847,2.5649
26.517,0.7024,0.0959,-0.6992,-3.6794,-5.9237,1.6947
26.537,0.7026,0.0959,-0.6985,-2.1679,-4.7405,1.8015
26.557,0.7034,0.0957,-0.6917,0.084,-2.5038,0.0687
26.577,0.6929,0.1021,-0.6941,0.6718,-1.5344,-0.1603
26.597,0.6848,0.1118,-0.6948,0.2824,-2.0076,0.0305
26.617,0.6843,0.1116,-0.7024,-1.1374,-3.7939,0.6336
26.637,0.6912,0.1082,-0.6907,-2.6336,-5.5649,2.2748
26.657,0.7041,0.0981,-0.6975,-2.9695,-5.7863,1.626
26.677,0.6992,0.0964,-0.7031,-2.2366,-3.3053,1.4275
26.697,0.6909,0.1042,-0.6875,-0.4504,-1.4198,-0.4962
26.717,0.6909,0.106,-0.7095,-0.5802,-1.7557,1.3511
26.737,0.6792,0.114,-0.6768,-0.5115,-1.9084,-0.2672
26.757,0.697,0.1079,-0.7173,-2.0153,-5.5649,3.0229
26.777,0.6958,0.103,-0.6926,-1.4809,-5.1069,1.229
26.797,0.7058,0.0925,-0.7009,-3.2519,-6.0076,3.374
26.817,0.7031,0.0918,-0.6943,-2.1679,-3.6107,0.1832
26.838,0.7063,0.0962,-0.6921,-1.2977,-3.0382,0.7405
26.857,0.7031,0.1008,-0.708,0.3053,-2.3969,0.3511
26.877,0.6887,0.1084,-0.6941,0.3053,-2.5725,0.3053
26.897,0.6907,0.1108,-0.7014,-0.7481,-2.8779,0.7634
26.917,0.6938,0.1077,-0.6965,-1.6183,-3.687,0.7557
26.937,0.6897,0.1086,-0.6931,-1.9618,-4.1832,0.9542
26.957,0.6936,0.1055,-0.7056,-2.4733,-4.6565,2.4046
26.977,0.696,0.0994,-0.687,-0.9237,-4.1527,0.4351
26.997,0.6978,0.1018,-0.7109,-0.7634,-4.0992,2.1298
27.017,0.7031,0.1018,-0.7083,-1.5725,-3.8779,2.2748
27.037,0.6992,0.0996,-0.6978,-3.6031,-3.9771,1.1298
27.057,0.7063,0.0889,-0.7063,-4.4198,-3.8015,0.9313
27.077,0.6948,0.0928,-0.6833,-1.4275,-2.0611,-1.2901
27.097,0.6941,0.0977,-0.6978,0.9313,-1.8702,0.5649
27.117,0.6821,0.1147,-0.7031,2.916,-1.7939,-0.4198
27.137,0.6868,0.1165,-0.7087,0.4962,-4.5878,1.3511
27.157,0.6931,0.1096,-0.7007,-3.0382,-6.229,1.771
27.177,0.7024,0.0991,-0.6978,-5.2519,-6.3206,2.1298
27.197,0.7051,0.0923,-0.6946,-3.7634,-4.3053,1.4046
27.217,0.7043,0.0908,-0.7217,-2.1069,0.0611,1.2443
27.237,0.6555,0.1199,-0.6782,1.313,3.5802,-6.1908
27.257,0.696,0.0972,-0.6951,0.7252,-5.1145,0.5802
27.277,0.6819,0.1101,-0.6824,0.1985,-4.1221,0.542
27.297,0.7007,0.1025,-0.7124,-2.6031,-5.6794,4.2443
27.317,0.7019,0.1099,-0.7012,-0.771,-2.4733,-0.2061
27.337,0.6912,0.1094,-0.7051,-2.0611,-3.4351,1.6565
27.357,0.6892,0.0994,-0.6875,-4.1832,-5.3893,2.6336
27.377,0.7134,0.0842,-0.7004,-6.1527,-9.2672,3.229
27.397,0.7156,0.0803,-0.689,-1.8855,-5.7328,-1.1832
27.417,0.7158,0.0916,-0.6938,2.5878,-0.9389,0.0687
27.437,0.6873,0.1177,-0.7029,4.6412,4.1527,-2.2672
27.457,0.6655,0.1301,-0.7063,0.4427,2.2061,-1.6107
27.478,0.6638,0.126,-0.7063,-3.855,-3.9389,0.1756
27.497,0.6819,0.103,-0.7095,-5.4809,-9.5573,4.0076
27.517,0.707,0.0906,-0.6917,-4.5802,-11.3817,5.2519
27.537,0.7258,0.0818,-0.6858,-2.5725,-8.6718,3.1145
27.557,0.7275,0.0815,-0.6978,-0.6641,-3.4427,0.8931
27.577,0.7073,0.0935,-0.6904,1.084,2.3206,-2.4198
27.597,0.6797,0.1094,-0.7051,1.4122,4.2519,-3.3817
27.617,0.6584,0.1206,-0.7083,1.0458,1.4733,-1.7099
27.637,0.665,0.1299,-0.7012,-1.1908,-4.916,2.2595
27.657,0.687,0.1091,-0.7095,-4.1603,-10.5038,4.8092
27.677,0.7122,0.0945,-0.698,-5.7634,-11.5496,4.3206
27.697,0.7302,0.0759,-0.6868,-4.0763,-7.4504,2.3664
27.717,0.7214,0.0796,-0.6985,-0.1679,-1.1145,0.1374
27.737,0.7002,0.0991,-0.696,2.6183,3.145,-2.4733
27.757,0.6765,0.1199,-0.7014,1.6489,2.5267,-2.0763
27.777,0.6694,0.1189,-0.7026,-0.7176,-1.7939,-0.3817
27.797,0.6797,0.1143,-0.698,-3.0382,-6.8168,2.3664
27.817,0.6985,0.1016,-0.6968,-4.0763,-9.0382,3.855
27.837,0.7129,0.0886,-0.6943,-3.1679,-7.3359,3.0611
27.857,0.7144,0.0894,-0.6934,-1.6336,-4.2595,1.7405
27.877,0.707,0.0972,-0.6877,-0.5344,-1.4198,-0.6031
27.897,0.6956,0.0972,-0.7007,-0.4733,-1.4504,-0.374
27.917,0.6914,0.1052,-0.7007,0.0534,-1.5878,-0.6641
27.937,0.687,0.1086,-0.6912,-0.8702,-2.3969,0.6565
27.957,0.6912,0.1145,-0.7041,-1.8015,-3.5649,1.3206
27.977,0.6804,0.1023,-0.7039,-3.5802,-2.7786,1.1221
27.997,0.6921,0.0938,-0.7019,-4.0153,-6.3206,3.9924
28.017,0.7034,0.1018,-0.6951,-0.5725,-7.6336,1.8092
28.037,0.707,0.0928,-0.6965,-0.0916,-7.771,3.8626
28.057,0.717,0.0913,-0.7095,-0.7786,-5.1069,1.2748
28.077,0.7083,0.0989,-0.6982,-0.374,-1.6489,-1.4504
28.097,0.6912,0.1074,-0.6982,-1.2137,-0.2366,0.2519
28.118,0.6831,0.1094,-0.6929,-2.0916,-1.4275,-0.2137
28.137,0.6909,0.1055,-0.7026,-3.4733,-4.6718,1.0763
28.157,0.6802,0.1079,-0.6855,-1.7786,-4.0305,0.2672
28.177,0.7141,0.0984,-0.7139,-1.2214,-6.3969,2.5649
28.197,0.7102,0.0989,-0.7043,0.1374,-4.1527,-1.6031
28.217,0.6987,0.103,-0.6931,-1.5725,-2.4351,0.374
28.237,0.689,0.1042,-0.6904,-1.5802,-1.0763,0.6031
28.257,0.6931,0.1089,-0.6992,-0.9084,-1.8779,-1.0305
28.277,0.6855,0.1042,-0.6995,-1.6641,-3.8779,0.8473
28.297,0.6934,0.0981,-0.6821,-2.1527,-6.0382,1.7863
28.317,0.7075,0.0942,-0.6953,-2.9847,-7.0611,2.9084
28.337,0.7092,0.0884,-0.6987,-0.7328,-3.9084,-0.1908
28.357,0.697,0.0967,-0.6958,0.4046,-0.9771,0.0534
28.377,0.6848,0.1084,-0.7041,1.0763,0.5878,-1.0763
28.397,0.6777,0.1135,-0.7,-0.9924,-2.0076,0.4656
28.417,0.6838,0.1123,-0.7041,-2.4809,-5.1908,1.4275
28.437,0.7004,0.1033,-0.6968,-3.0534,-7.4733,2.8931
28.457,0.7083,0.0933,-0.6992,-3.3588,-6.5649,2.8473
28.477,0.71,0.0903,-0.6868,-2.3435,-3.4275,0.6031
28.497,0.7051,0.0918,-0.6997,-1.5038,-1.7252,0.1298
28.517,0.687,0.1006,-0.6917,0.3053,-0.0305,-1.3511
28.537,0.689,0.1035,-0.7017,-0.1603,-2.4351,1.0
28.557,0.6799,0.1128,-0.6978,-0.1069,-3.7176,-0.3206
28.577,0.6887,0.1094,-0.7019,-2.0305,-6.3435,2.4046
28.597,0.7002,0.1077,-0.6953,-1.7863,-5.7328,1.4275
28.617,0.7065,0.0974,-0.6926,-2.6031,-5.1374,2.0534
28.637,0.7026,0.0959,-0.6921,-2.0611,-2.9084,0.084
28.657,0.6987,0.0991,-0.7026,-1.7939,-2.3053,0.3969
28.677,0.6968,0.1045,-0.6938,-0.7405,-1.2595,-1.3282
28.697,0.6816,0.1113,-0.7026,-0.3664,-0.8473,-1.3893
28.717,0.6836,0.1006,-0.6982,-1.8244,-2.7557,-0.3359
28.737,0.6892,0.1021,-0.6963,-2.0611,-4.9084,1.2977
28.758,0.6978,0.0994,-0.696,-1.9313,-4.6794,3.1374
28.777,0.697,0.1042,-0.6863,-1.5038,-4.8168,1.4733
28.797,0.7029,0.1035,-0.7031,-1.5725,-3.8626,-0.1603
28.817,0.6968,0.104,-0.6892,-0.3893,-3.1908,-0.0382
28.837,0.6973,0.0994,-0.7083,-1.3588,-3.0382,1.229
28.857,0.6948,0.1104,-0.688,-1.542,-3.5802,-0.9313
28.877,0.6938,0.1047,-0.6956,-2.4656,-3.6031,0.9466
28.897,0.7021,0.0955,-0.7161,-3.2061,-4.2214,0.3817
28.917,0.6868,0.1006,-0.6909,0.0534,-1.4046,-2.7099
28.937,0.6919,0.1089,-0.6946,1.8931,-3.9695,4.1221
28.957,0.6968,0.1045,-0.6855,1.2748,-6.5267,4.0305
28.977,0.7117,0.1008,-0.6975,-3.2366,-7.1221,0.7328
28.997,0.7109,0.0991,-0.7092,-2.916,-5.0763,0.0076
29.017,0.7056,0.104,-0.6975,-0.8626,-2.6107,2.542
29.037,0.6924,0.0996,-0.7029,-2.0611,0.0229,1.3053
29.057,0.6729,0.1096,-0.6904,-2.2366,1.0687,-3.1221
29.077,0.6733,0.1074,-0.6914,-1.458,-2.6336,1.8244
29.097,0.6895,0.105,-0.7068,-1.7328,-6.3817,3.687
29.117,0.696,0.0928,-0.6912,-3.2595,-6.9084,2.1069
29.137,0.7046,0.0884,-0.6968,-3.084,-6.2214,1.5573
29.157,0.7068,0.0913,-0.6992,-0.771,-3.7863,0.8626
29.177,0.6997,0.095,-0.6941,0.084,-2.2672,0.4351
29.197,0.6926,0.1035,-0.6975,0.6107,-1.4275,-2.1985
29.217,0.6841,0.1101,-0.6926,1.1298,-2.5573,-0.771
29.237,0.6868,0.1182,-0.7012,1.0534,-4.4275,1.6489
29.257,0.6909,0.1211,-0.7019,-1.1298,-6.0153,2.0458
29.277,0.7021,0.1067,-0.6953,-3.9695,-5.9695,1.8702
29.297,0.7036,0.1003,-0.6941,-4.8321,-4.9313,2.0
29.317,0.7083,0.0898,-0.6921,-4.0687,-2.8321,1.1832
29.337,0.7009,0.0901,-0.6978,-2.3359,-0.6336,0.1527
29.357,0.689,0.0964,-0.6931,-0.3435,-0.2137,-0.9695
29.377,0.6846,0.1067,-0.7019,0.5496,-1.3511,-0.1527
29.398,0.6755,0.1125,-0.7036,-0.229,-3.7786,0.7863
29.417,0.6887,0.1082,-0.7026,-1.5802,-6.0229,1.4198
29.437,0.699,0.1018,-0.6946,-2.5191,-6.9695,2.2443
29.457,0.7058,0.0969,-0.6926,-1.9542,-6.0305,1.542
29.477,0.7065,0.0964,-0.696,-0.9084,-4.626,1.2824
29.497,0.7019,0.1033,-0.6885,0.1374,-2.6336,-0.0458
29.517,0.7012,0.1047,-0.7095,-0.313,-2.3359,0.5038
29.537,0.6873,0.1101,-0.6914,-0.7405,-1.1985,-0.8168
29.557,0.6873,0.1101,-0.7014,-2.5649,-2.8092,1.3817
29.577,0.687,0.1096,-0.7019,-2.0229,-3.4198,0.2443
29.597,0.6921,0.1001,-0.6968,-3.4427,-5.0,3.0916
29.617,0.7043,0.0955,-0.6912,-2.9924,-4.6565,1.1374
29.637,0.6987,0.0889,-0.6921,-2.5802,-4.2214,1.374
29.657,0.7021,0.0896,-0.6968,-1.1603,-2.7939,0.4351
29.677,0.6943,0.0955,-0.6938,-0.0611,-2.2748,0.0076
29.697,0.6907,0.1064,-0.7034,0.1527,-2.7405,0.1679
29.717,0.6907,0.106,-0.6975,0.1908,-3.7176,-0.1527
29.737,0.6941,0.1082,-0.7002,-0.9695,-5.3359,1.5038
29.757,0.6951,0.1064,-0.6887,-1.771,-5.5344,1.229
29.777,0.7051,0.0945,-0.6978,-3.0305,-5.4962,1.9695
29.797,0.707,0.0979,-0.6997,-2.5649,-3.3969,0.0534
29.817,0.7031,0.0945,-0.6919,-2.2214,-2.2748,-0.0687
29.837,0.6934,0.1023,-0.7051,-1.4885,-0.8626,-1.1756
29.857,0.6885,0.1074,-0.697,-0.4656,-1.9237,0.2519
29.877,0.6904,0.1062,-0.7002,-1.0382,-4.0076,2.0687
29.897,0.6924,0.1035,-0.6968,-1.6489,-5.4656,1.2137
29.917,0.6982,0.1011,-0.7019,-2.5878,-5.626,2.0916
29.937,0.6997,0.0933,-0.6995,-2.7252,-4.5802,1.4427
29.957,0.7012,0.0979,-0.6919,-2.7099,-3.3664,-0.2901
29.977,0.6963,0.0962,-0.7068,-1.7634,-2.7023,-1.0
29.997,0.6887,0.103,-0.6995,0.8168,-2.3435,-1.0687
30.017,0.6846,0.1074,-0.7034,0.626,-3.5573,1.4962
30.038,0.6892,0.1086,-0.6982,-1.4809,-4.9924,0.2595
30.057,0.7009,0.1057,-0.7117,-3.6641,-5.3435,-0.4122
30.077,0.7002,0.104,-0.6941,-1.9542,-4.2519,0.5496
30.097,0.7007,0.0991,-0.6992,0.0,-4.3511,3.5954
30.117,0.6958,0.1021,-0.6882,-0.2977,-4.1145,1.2824
30.137,0.6951,0.1016,-0.7002,-1.4962,-3.542,-0.7481
30.157,0.699,0.1082,-0.7009,-1.7252,-2.0916,0.3359
30.177,0.6902,0.1096,-0.6892,-1.6489,-1.9084,1.5802
30.197,0.6895,0.105,-0.7095,-3.4733,-2.3206,1.3817
30.217,0.688,0.1021,-0.6938,-3.5191,-3.9313,-0.626
30.237,0.6975,0.0928,-0.7019,-2.6412,-5.145,1.2748
30.257,0.7012,0.0913,-0.698,-0.8702,-5.5038,1.5267
30.277,0.6843,0.0972,-0.6814,1.0,-3.5725,0.6183
30.297,0.7043,0.1064,-0.728,-0.1298,-2.7328,0.8244
30.317,0.6858,0.1169,-0.6733,1.7405,-3.4122,-2.229
30.337,0.6909,0.1077,-0.72,-0.6336,-3.9542,2.3053
30.357,0.6982,0.1113,-0.6782,-0.8015,-6.0534,3.4122
30.377,0.7112,0.1001,-0.698,-3.2977,-6.4733,1.9389
30.397,0.7063,0.0977,-0.6807,-3.5725,-2.0992,-0.8779
30.417,0.7019,0.0996,-0.7078,-1.9237,0.7176,0.1679
30.437,0.6821,0.1123,-0.6853,-1.229,0.3588,1.1069
30.457,0.679,0.1057,-0.7075,-3.3511,-2.2519,-1.4122
30.477,0.6829,0.1025,-0.6985,-4.3817,-4.7481,0.1221
30.497,0.7061,0.095,-0.709,-3.3053,-7.4809,1.1374
30.517,0.7017,0.0781,-0.7126,0.3053,-4.8397,-1.542
30.537,0.696,0.1021,-0.689,3.0534,-4.4885,4.8779
30.557,0.7041,0.1086,-0.7026,3.1145,-6.6489,1.5344
30.577,0.6973,0.1108,-0.7012,-0.1374,-4.687,-2.9008
30.597,0.7056,0.1172,-0.6917,-1.7252,-5.2443,2.1603
30.617,0.7036,0.1104,-0.7144,-0.5802,-1.9924,0.8473
30.637,0.6853,0.115,-0.689,-2.7328,-0.5191,2.1756
30.657,0.6931,0.1106,-0.7024,-5.5038,-3.2748,1.3817
30.678,0.6973,0.093,-0.7014,-7.0,-3.5725,-0.8626
30.697,0.699,0.0876,-0.7021,-4.8015,-3.2519,1.2824
30.717,0.696,0.0884,-0.7046,-2.0153,-2.3435,1.2214
30.737,0.687,0.0906,-0.6897,1.542,-2.6718,-0.7557
30.757,0.6836,0.1045,-0.7004,2.5954,-3.9618,2.2672
30.777,0.6938,0.1121,-0.686,3.3206,-8.4656,2.0076
30.797,0.7039,0.1074,-0.7053,0.5573,-7.2366,1.6489
30.817,0.707,0.1106,-0.6841,-1.3359,-6.8931,2.4275
30.837,0.7073,0.1128,-0.7156,-2.374,-1.4351,-0.9084
30.857,0.6987,0.1113,-0.679,-2.2672,-0.1527,-0.6565
30.877,0.6917,0.1038,-0.7063,-2.0076,-0.1679,0.8779
30.897,0.6838,0.1091,-0.698,-3.3053,-2.0458,2.1832
30.917,0.6926,0.1016,-0.698,-4.1908,-4.4733,0.9847
30.937,0.6997,0.0908,-0.7102,-5.0229,-3.5573,0.5725
30.957,0.6987,0.0955,-0.6873,-2.4275,-3.0,-0.0992
